rank	word	translation	example	form
1	the	означений артикль (цей, той)	The book on the table is mine.	The
2	be	бути	I want to be a good recruiter.	be
3	and	і, та	I like tea and coffee.	and
4	of	(родовий відмінок), з	She is a friend of mine.	of
5	to	до, в; (частка інфінітива)	I go to work by metro.	to
6	a	неозначений артикль (один, якийсь)	I have a question.	a
7	in	в, у	He lives in Kyiv.	in
8	have	мати	I have two brothers.	have
9	it	воно, це	It is very cold today.	It
10	you	ти, ви	Can you help me?	you
11	he	він	He works in IT.	He
12	for	для, за, протягом	This gift is for you.	for
13	they	вони	They are my colleagues.	They
14	not	не	I do not know.	not
15	that	той, що, який	I think that he is right.	that
16	we	ми	We have a meeting at ten.	We
17	on	на	The keys are on the table.	on
18	with	з	I live with my parents.	with
19	this	цей, це	This is my new phone.	This
20	I	я	I am from Ukraine.	I
21	do	робити	What do you do?	do
22	as	як, оскільки, у якості	He works as a manager.	as
23	at	в, біля, о (про час)	See you at six.	at
24	she	вона	She is my sister.	She
25	but	але	I am tired, but happy.	but
26	from	від, з	I am from Kyiv.	from
27	by	біля, до (терміну), (ким/чим)	Send it by Friday.	by
28	will	(майбутній час); воля	I will call you later.	will
29	or	або, чи	Tea or coffee?	or
30	say	казати	What did he say?	say
31	go	йти, їхати	Let's go home.	go
32	so	тому, так	It was late, so I went to bed.	so
33	all	всі, все	All my friends came.	All
34	if	якщо, чи	Call me if you need help.	if
35	one	один	I have one question.	one
36	would	би (умовний спосіб)	I would like a coffee.	would
37	about	про, приблизно	Tell me about yourself.	about
38	can	могти, вміти	Can you speak English?	Can
39	which	який, котрий	Which one do you want?	Which
40	there	там; (there is/are — є)	There is a cafe near my office.	There
41	know	знати	I know the answer.	know
42	more	більше	I need more time.	more
43	get	отримувати, діставати, ставати	I get a lot of emails every day.	get
44	who	хто, який	Who is your manager?	Who
45	like	подобатися; як, схожий	I like this song.	like
46	when	коли	When does the meeting start?	When
47	think	думати	I think it's a good idea.	think
48	make	робити, створювати	Let's make a plan.	make
49	time	час, раз	I don't have time now.	time
50	see	бачити	I can see the sea from here.	see
51	what	що, який	What is your name?	What
52	up	вгору, вище	Stand up, please.	up
53	some	деякий, трохи	I need some water.	some
54	other	інший	Do you have other questions?	other
55	out	назовні, поза	She went out for lunch.	out
56	good	хороший, добрий	This is a good job offer.	good
57	people	люди	Many people work from home now.	people
58	year	рік	I have worked here for a year.	year
59	take	брати	Take your umbrella.	Take
60	no	ні, жоден	No, thank you.	No
61	well	добре; ну	She speaks English very well.	well
62	because	тому що, бо	I stayed home because I was sick.	because
63	very	дуже	It is very interesting.	very
64	just	просто, щойно, лише	I just finished work.	just
65	come	приходити	Come to my office, please.	Come
66	could	міг би (минулий від can)	Could you repeat that, please?	Could
67	work	працювати; робота	I work in recruiting.	work
68	use	використовувати	Can I use your pen?	use
69	than	ніж	He is older than me.	than
70	now	зараз	I am busy now.	now
71	then	потім, тоді	First we eat, then we talk.	then
72	also	також	I also speak Polish.	also
73	into	в, у (рух всередину)	He walked into the room.	into
74	only	тільки, єдиний	I have only five minutes.	only
75	look	дивитися; вигляд	Look at this photo.	Look
76	want	хотіти	I want to learn English.	want
77	give	давати	Give me a minute, please.	Give
78	first	перший, спочатку	This is my first day here.	first
79	new	новий	I have a new job.	new
80	way	шлях, спосіб	This is the best way to learn.	way
81	find	знаходити	I can't find my keys.	find
82	over	над, понад, через; закінчений	The meeting is over.	over
83	any	будь-який, якийсь	Do you have any questions?	any
84	after	після	Let's talk after lunch.	after
85	day	день	Have a nice day!	day
86	where	де, куди	Where do you live?	Where
87	thing	річ	I have one more thing to say.	thing
88	most	найбільше, більшість	Most people like music.	Most
89	should	слід, варто	You should try it.	should
90	need	потребувати; потреба	I need your help.	need
91	much	багато (незлічуване)	Thank you very much.	much
92	right	правий (маєш рацію), правильний; праворуч; право	You are right.	right
93	how	як	How are you?	How
94	back	назад; спина	I will be back soon.	back
95	mean	означати, мати на увазі	What do you mean?	mean
96	even	навіть	Even my boss agreed.	Even
97	may	могти (можливо), можна	May I come in?	May
98	here	тут, сюди	Come here, please.	here
99	many	багато (злічуване)	I have many friends.	many
100	such	такий	It was such a good day.	such
101	last	останній, минулий; тривати	I saw him last week.	last
102	child	дитина	The child is sleeping.	child
103	tell	розповідати, казати (комусь)	Tell me the truth.	Tell
104	really	справді, дуже	I really like it.	really
105	call	дзвонити, називати; дзвінок	I will call you tomorrow.	call
106	before	до, перед	Wash your hands before dinner.	before
107	company	компанія	I work for a big company.	company
108	through	через, крізь	We walked through the park.	through
109	down	вниз	Please sit down.	down
110	show	показувати; шоу	Show me your CV.	Show
111	life	життя	Life is short.	Life
112	man	чоловік, людина	The man at the door is my father.	man
113	change	змінювати; зміна	I want to change my job.	change
114	place	місце; класти	This is a nice place.	place
115	long	довгий; довго	It was a long day.	long
116	between	між	The bank is between the cafe and the shop.	between
117	feel	відчувати	I feel good today.	feel
118	too	теж; занадто	It's too hot.	too
119	still	досі, все ще	I still live in Kyiv.	still
120	problem	проблема	No problem!	problem
121	write	писати	Please write your name here.	write
122	same	той самий, однаковий	We have the same phone.	same
123	lot	багато (a lot of)	I have a lot of work.	lot
124	great	чудовий, великий	That's a great idea!	great
125	try	пробувати, намагатися	Try again.	Try
126	leave	залишати, йти	I leave home at eight.	leave
127	number	число, номер	What is your phone number?	number
128	both	обидва	Both answers are correct.	Both
129	own	власний; володіти	I have my own car.	own
130	part	частина	This is the best part of the film.	part
131	point	пункт, суть; вказувати	That's a good point.	point
132	little	маленький, трохи	I speak a little English.	little
133	help	допомагати; допомога	Can I help you?	help
134	ask	питати, просити	Can I ask you a question?	ask
135	meet	зустрічати(ся)	Nice to meet you.	meet
136	start	починати; початок	Let's start the meeting.	start
137	talk	розмовляти	We need to talk.	talk
138	something	щось	I want to tell you something.	something
139	put	класти, ставити	Put it on the table.	Put
140	another	інший, ще один	Can I have another cup?	another
141	become	ставати	She wants to become a doctor.	become
142	interest	інтерес; цікавити	I have no interest in politics.	interest
143	country	країна	Ukraine is a big country.	country
144	old	старий	This is an old building.	old
145	each	кожен	Each candidate gets a test.	Each
146	school	школа	My son goes to school.	school
147	late	пізній, пізно	Sorry, I'm late.	late
148	high	високий	The prices are very high.	high
149	different	різний, інший	We have different opinions.	different
150	off	вимкнений; геть, від	Turn off the light.	off
151	next	наступний	See you next week.	next
152	end	кінець; закінчувати	The end of the film was sad.	end
153	live	жити	I live in Kyiv.	live
154	why	чому	Why are you late?	Why
155	while	поки, в той час як	I listen to music while I work.	while
156	world	світ	He wants to travel the world.	world
157	week	тиждень	I work five days a week.	week
158	play	грати; п'єса	Do you play football?	play
159	might	може (можливо)	It might rain today.	might
160	must	мусити, повинен	You must see this film.	must
161	home	дім, додому	I work from home.	home
162	never	ніколи	I never drink coffee at night.	never
163	include	включати	The price includes breakfast.	includes
164	course	курс; (of course — звісно)	I am taking an English course.	course
165	house	будинок	They have a big house.	house
166	report	звіт; повідомляти	I need to finish the report.	report
167	group	група	We work in a small group.	group
168	case	випадок, справа	In this case, call me.	case
169	woman	жінка	The woman in red is my boss.	woman
170	around	навколо, приблизно	I will be there around five.	around
171	book	книга; бронювати	I want to book a table.	book
172	family	сім'я	I have a big family.	family
173	seem	здаватися	You seem tired.	seem
174	let	дозволяти	Let me help you.	Let
175	again	знову	Please say it again.	again
176	kind	вид, тип; добрий	She is very kind.	kind
177	keep	тримати, зберігати, продовжувати	Keep the change.	Keep
178	hear	чути	I can't hear you.	hear
179	system	система	The system is down.	system
180	every	кожен	I run every morning.	every
181	question	питання	I have a question.	question
182	during	під час	Don't talk during the meeting.	during
183	always	завжди	He is always on time.	always
184	big	великий	It's a big problem.	big
185	set	встановлювати; набір	Set the alarm for seven.	Set
186	small	маленький	I live in a small flat.	small
187	study	вчитися, вивчати; навчання	I study English every day.	study
188	follow	слідувати, стежити	Follow me, please.	Follow
189	begin	починати	Let's begin.	begin
190	important	важливий	This is very important.	important
191	since	з (часу), оскільки	I have lived here since 2020.	since
192	run	бігти; керувати	I run every morning.	run
193	under	під	The cat is under the bed.	under
194	turn	повертати; черга	Turn left at the corner.	Turn
195	few	кілька, мало	I have a few questions.	few
196	bring	приносити	Bring your laptop, please.	Bring
197	early	ранній, рано	I get up early.	early
198	hand	рука (кисть)	Raise your hand.	hand
199	state	держава, штат; стан; заявляти	The state pays for it.	state
200	move	рухати(ся), переїжджати	We want to move to Lviv.	move
201	money	гроші	I don't have much money.	money
202	fact	факт	In fact, I agree with you.	fact
203	however	однак	It's cheap. However, it's slow.	However
204	area	район, сфера, площа	I live in a quiet area.	area
205	provide	надавати, забезпечувати	We provide free lunch.	provide
206	name	ім'я, назва	My name is Vitalii.	name
207	read	читати	I read before bed.	read
208	friend	друг	He is my best friend.	friend
209	month	місяць	I get paid every month.	month
210	large	великий	She has a large family.	large
211	business	бізнес, справа	He runs his own business.	business
212	without	без	I drink coffee without sugar.	without
213	information	інформація	I need more information.	information
214	open	відкривати; відкритий	Open the window, please.	Open
215	order	замовляти; наказ, порядок	I want to order a pizza.	order
216	government	уряд	The government changed the law.	government
217	word	слово	I don't know this word.	word
218	issue	питання, проблема; видавати	We have an issue with the payment.	issue
219	market	ринок	The job market is changing.	market
220	pay	платити; зарплата	I will pay by card.	pay
221	build	будувати	They want to build a new school.	build
222	hold	тримати, проводити (захід)	Hold my bag, please.	Hold
223	service	послуга, обслуговування	The service here is great.	service
224	against	проти	I am against this idea.	against
225	believe	вірити	I believe you.	believe
226	second	другий; секунда	Wait a second.	second
227	though	хоча, проте	It was cold, though sunny.	though
228	yes	так	Yes, I agree.	Yes
229	love	любити; кохання	I love my job.	love
230	increase	збільшувати(ся); зростання	Prices increase every year.	increase
231	job	робота, посада	I found a new job.	job
232	plan	план; планувати	What is the plan?	plan
233	result	результат	The result was good.	result
234	away	геть, далеко	Go away!	away
235	example	приклад	Give me an example.	example
236	happen	траплятися	What will happen next?	happen
237	offer	пропонувати; пропозиція	We want to offer you the job.	offer
238	young	молодий	He is young but smart.	young
239	close	закривати; близький	Close the door, please.	Close
240	program	програма	This program is very useful.	program
241	lead	вести, керувати	She will lead the team.	lead
242	buy	купувати	I want to buy a new laptop.	buy
243	understand	розуміти	I don't understand.	understand
244	thank	дякувати	Thank you for your time.	Thank
245	far	далеко	Is it far from here?	far
246	today	сьогодні	What are you doing today?	today
247	hour	година	The meeting lasts an hour.	hour
248	student	студент	She is a student.	student
249	face	обличчя; стикатися	We face many problems.	face
250	hope	сподіватися; надія	I hope you are well.	hope
251	idea	ідея	That's a good idea.	idea
252	cost	коштувати; вартість	How much does it cost?	cost
253	less	менше	I want to spend less money.	less
254	room	кімната; місце	My room is small.	room
255	until	до (часу), поки не	Wait until I call you.	until
256	reason	причина	What is the reason?	reason
257	form	форма, бланк; формувати	Please fill in this form.	form
258	spend	витрачати, проводити (час)	I spend a lot of time online.	spend
259	head	голова; очолювати	My head hurts.	head
260	car	автомобіль	I don't have a car.	car
261	learn	вчити, дізнаватися	I want to learn English.	learn
262	level	рівень	My English level is B1.	level
263	person	людина, особа	She is a nice person.	person
264	experience	досвід; переживати	Tell me about your experience.	experience
265	once	один раз, колись	I go to the gym once a week.	once
266	member	член, учасник	He is a member of our team.	member
267	enough	достатньо	I don't have enough time.	enough
268	bad	поганий	It's not bad.	bad
269	city	місто	Kyiv is a big city.	city
270	night	ніч	Good night!	night
271	able	здатний (be able to — могти)	I am able to start on Monday.	able
272	support	підтримувати; підтримка	Thank you for your support.	support
273	whether	чи	I don't know whether he will come.	whether
274	line	лінія, черга, рядок	Please wait in line.	line
275	present	теперішній; подарунок; представляти	I want to present our new project.	present
276	side	сторона, бік	Walk on the left side.	side
277	quite	досить, цілком	It's quite expensive.	quite
278	although	хоча	Although it was late, we kept working.	Although
279	sure	впевнений; звісно	Are you sure?	sure
280	term	термін, умова	What are the terms of the contract?	terms
281	least	найменший (at least — принаймні)	At least try it.	least
282	age	вік	What is the age limit?	age
283	low	низький	The salary is too low.	low
284	speak	говорити	Do you speak English?	speak
285	within	в межах, протягом	I will answer within two days.	within
286	process	процес; обробляти	The hiring process takes a month.	process
287	public	публічний, громадський; публіка	This is a public park.	public
288	often	часто	I often work late.	often
289	train	потяг; тренувати(ся)	I take the train to work.	train
290	possible	можливий	Is it possible?	possible
291	actually	насправді	Actually, I don't agree.	Actually
292	rather	досить, скоріше; (would rather — краще б)	I would rather stay home.	rather
293	view	погляд, вид; розглядати	What is your view on this?	view
294	together	разом	Let's do it together.	together
295	consider	розглядати, вважати	Please consider my offer.	consider
296	price	ціна	The price is too high.	price
297	parent	батько або мати	Every parent wants the best for their child.	parent
298	hard	важкий; твердий; старанно	This task is hard.	hard
299	party	вечірка; партія; сторона	We had a party on Friday.	party
300	local	місцевий	I buy food at the local market.	local
301	control	контролювати; контроль	I can't control it.	control
302	already	вже	I have already finished.	already
303	concern	турбота; стосуватися, турбувати	That is my main concern.	concern
304	product	продукт, товар	We sell a new product.	product
305	lose	втрачати, програвати	Don't lose your keys.	lose
306	story	історія, оповідання	Tell me a story.	story
307	almost	майже	I am almost ready.	almost
308	continue	продовжувати	Let's continue tomorrow.	continue
309	stand	стояти; терпіти	Please stand here.	stand
310	whole	цілий, весь	I worked the whole day.	whole
311	yet	ще (не), вже (у питаннях)	I haven't finished yet.	yet
312	rate	ставка, курс, рівень; оцінювати	The exchange rate is high.	rate
313	care	турбота; піклуватися	Take care!	care
314	expect	очікувати	I expect an answer today.	expect
315	effect	ефект, вплив	It has a good effect.	effect
316	sort	вид, сорт; сортувати	What sort of music do you like?	sort
317	ever	колись (у питаннях)	Have you ever been to London?	ever
318	anything	щось, будь-що	Do you need anything?	anything
319	cause	спричиняти; причина	What can cause this problem?	cause
320	fall	падати; осінь	Don't fall!	fall
321	deal	угода; мати справу (deal with)	It's a deal!	deal
322	water	вода	Can I have some water?	water
323	send	надсилати	Send me your CV.	Send
324	allow	дозволяти	They don't allow dogs here.	allow
325	soon	скоро	See you soon.	soon
326	watch	дивитися, спостерігати; годинник	I watch films in English.	watch
327	base	база, основа; базувати	Our base is in Kyiv.	base
328	probably	ймовірно	I will probably come later.	probably
329	suggest	пропонувати, радити	I suggest we start now.	suggest
330	past	минуле; повз	Forget the past.	past
331	power	сила, влада; електроенергія	The power is off.	power
332	test	тест; перевіряти	I have a test tomorrow.	test
333	visit	відвідувати; візит	I want to visit my parents.	visit
334	center	центр	I live in the city center.	center
335	grow	рости, вирощувати	The company will grow fast.	grow
336	nothing	нічого	I have nothing to say.	nothing
337	return	повертати(ся); повернення	When will you return?	return
338	mother	мати	My mother is a teacher.	mother
339	walk	гуляти, ходити пішки	I walk to work.	walk
340	matter	мати значення; справа	It doesn't matter.	matter
341	mind	розум; заперечувати	Do you mind if I open the window?	mind
342	value	цінність; цінувати	We value your time.	value
343	office	офіс	I work in the office on Mondays.	office
344	record	запис; записувати	Can I record our call?	record
345	stay	залишатися	Stay at home.	Stay
346	force	сила; змушувати	Don't force him.	force
347	stop	зупиняти(ся); зупинка	Stop the car!	Stop
348	several	кілька	I have several offers.	several
349	light	світло; легкий	Turn on the light.	light
350	develop	розвивати(ся), розробляти	We develop mobile apps.	develop
351	remember	пам'ятати	I remember your name.	remember
352	bit	трохи (a bit)	I'm a bit tired.	bit
353	share	ділитися; частка	Can you share your screen?	share
354	real	справжній	Is this real?	real
355	answer	відповідь; відповідати	I know the answer.	answer
356	sit	сидіти	Sit down, please.	Sit
357	figure	цифра, фігура; (figure out — з'ясувати)	I can't figure it out.	figure
358	letter	лист; літера	I got a letter from the bank.	letter
359	decide	вирішувати	I need to decide today.	decide
360	language	мова	English is an international language.	language
361	subject	предмет, тема	What is your favorite subject?	subject
362	class	клас, заняття	My English class starts at seven.	class
363	development	розвиток, розробка	Software development is my field.	development
364	town	містечко	I grew up in a small town.	town
365	half	половина	Half of the team is on vacation.	Half
366	minute	хвилина	Wait a minute.	minute
367	food	їжа	The food here is great.	food
368	break	перерва; ламати	Let's take a break.	break
369	clear	ясний, зрозумілий; очищати	Is it clear?	clear
370	future	майбутнє	Think about the future.	future
371	either	будь-який з двох; теж (не)	You can take either one.	either
372	ago	тому (про час)	I moved here two years ago.	ago
373	per	за, на (кожен)	The price is 100 per hour.	per
374	remain	залишатися	Please remain seated.	remain
375	top	верх, верхній, найкращий	He is at the top of the list.	top
376	among	серед	She is among the best.	among
377	win	перемагати, вигравати	We will win.	win
378	color	колір	What color is it?	color
379	involve	залучати, включати	The job will involve a lot of travel.	involve
380	reach	досягати, дотягуватися	How can I reach you?	reach
381	social	соціальний	I don't use social media much.	social
382	period	період	It was a hard period.	period
383	across	через, поперек	The shop is across the street.	across
384	note	нотатка; помічати	Take a note of this.	note
385	history	історія (наука, минуле)	I love history.	history
386	create	створювати	We create new jobs.	create
387	drive	їхати (за кермом), водити	Can you drive?	drive
388	along	вздовж	We walked along the river.	along
389	type	тип; друкувати	What type of job do you want?	type
390	sound	звук; звучати	That sounds strange.	sounds
391	eye	око	Close one eye.	eye
392	music	музика	I listen to music every day.	music
393	game	гра	It was a great game.	game
394	political	політичний	It's a political question.	political
395	free	вільний, безкоштовний	Are you free tomorrow?	free
396	receive	отримувати	Did you receive my email?	receive
397	moment	момент	Wait a moment.	moment
398	sale	продаж, розпродаж	This house is for sale.	sale
399	policy	політика, правила (компанії)	What is the company policy?	policy
400	further	далі, подальший	For further information, call us.	further
401	body	тіло	Sport is good for your body.	body
402	require	вимагати	These jobs require English.	require
403	wait	чекати	Please wait here.	wait
404	general	загальний; генерал	In general, I like it.	general
405	appear	з'являтися, здаватися	A new problem may appear.	appear
406	toward	до, у напрямку	He walked toward the door.	toward
407	team	команда	I love my team.	team
408	easy	легкий	It's easy.	easy
409	individual	індивідуальний; особа	Each individual is important.	individual
410	full	повний	The bus is full.	full
411	black	чорний	I drink black coffee.	black
412	sense	відчуття, сенс	It makes sense.	sense
413	perhaps	можливо	Perhaps he is right.	Perhaps
414	add	додавати	Add some sugar.	Add
415	rule	правило; правити	This is the main rule.	rule
416	pass	проходити, передавати, складати (іспит)	I want to pass the test.	pass
417	produce	виробляти	They produce cars.	produce
418	sell	продавати	We sell software.	sell
419	short	короткий	It was a short meeting.	short
420	agree	погоджуватися	I agree with you.	agree
421	law	закон	It's against the law.	law
422	everything	все	Everything is fine.	Everything
423	research	дослідження; досліджувати	I did some research.	research
424	cover	покривати, висвітлювати; обкладинка	The insurance will cover it.	cover
425	paper	папір, газета	I need a piece of paper.	paper
426	position	позиція, посада	We have an open position.	position
427	near	біля, близько	I live near the office.	near
428	human	людина; людський	It's a human mistake.	human
429	computer	комп'ютер	My computer is slow.	computer
430	situation	ситуація	It's a difficult situation.	situation
431	staff	персонал	We need more staff.	staff
432	activity	діяльність, активність	What is your favorite activity?	activity
433	film	фільм	Let's watch a film.	film
434	morning	ранок	Good morning!	morning
435	war	війна	The war changed everything.	war
436	account	рахунок, акаунт	I need to open a bank account.	account
437	shop	магазин; робити покупки	The shop is closed.	shop
438	major	головний, значний	It's a major problem.	major
439	someone	хтось	Someone is at the door.	Someone
440	above	над, вище	See the text above.	above
441	design	дизайн; проєктувати	I like the design.	design
442	event	подія, захід	We have an event on Friday.	event
443	special	особливий	Today is a special day.	special
444	sometimes	іноді	Sometimes I work at night.	Sometimes
445	condition	умова, стан	The car is in good condition.	condition
446	carry	нести	Can you carry this bag?	carry
447	choose	вибирати	Choose one option.	Choose
448	father	батько	My father is a doctor.	father
449	decision	рішення	It was a hard decision.	decision
450	table	стіл; таблиця	Put it on the table.	table
451	certain	певний, впевнений	I am certain about it.	certain
452	forward	вперед	Please move forward.	forward
453	main	головний	What is the main idea?	main
454	die	помирати	Plants die without water.	die
455	bear	ведмідь; терпіти, нести	I can't bear this noise.	bear
456	cut	різати; скорочення	Cut the bread, please.	Cut
457	describe	описувати	Describe your last project.	Describe
458	himself	сам, себе (він)	He did it himself.	himself
459	available	доступний, вільний	Are you available on Monday?	available
460	especially	особливо	I love fruit, especially apples.	especially
461	strong	сильний	She is a strong candidate.	strong
462	rise	підніматися; зростання	Prices rise every year.	rise
463	girl	дівчина, дівчинка	The girl is my niece.	girl
464	maybe	можливо	Maybe tomorrow.	Maybe
465	community	спільнота, громада	We have a strong community.	community
466	else	ще, інший	Anything else?	else
467	particular	конкретний, особливий	Is there a particular reason?	particular
468	role	роль	What is your role in the team?	role
469	join	приєднуватися	Join us for lunch.	Join
470	difficult	складний	It's a difficult question.	difficult
471	please	будь ласка; радувати	Please sit down.	Please
472	detail	деталь	Every detail is important.	detail
473	difference	різниця	What is the difference?	difference
474	action	дія	We need to take action.	action
475	health	здоров'я	Health is important.	Health
476	eat	їсти	Let's eat.	eat
477	step	крок	This is the first step.	step
478	true	правдивий, вірний	Is it true?	true
479	phone	телефон	My phone is dead.	phone
480	themselves	самі, себе (вони)	They did it themselves.	themselves
481	draw	малювати; тягнути	Can you draw a plan?	draw
482	white	білий	I have a white car.	white
483	date	дата; побачення	What is the date today?	date
484	practice	практика; практикувати	Practice makes perfect.	Practice
485	model	модель	This is a new model.	model
486	raise	піднімати; підвищення	Raise your hand.	Raise
487	customer	клієнт	The customer is always right.	customer
488	front	перед, передній	Wait in front of the building.	front
489	explain	пояснювати	Can you explain it again?	explain
490	door	двері	Close the door.	door
491	outside	надворі, зовні	Let's talk outside.	outside
492	behind	позаду	The cafe is behind the bank.	behind
493	economic	економічний	The economic situation is hard.	economic
494	site	місце, сайт	Visit our site.	site
495	approach	підхід; наближатися	I like your approach.	approach
496	teacher	вчитель	My teacher is from London.	teacher
497	land	земля; приземлятися	The plane will land at six.	land
498	charge	плата; заряджати; звинувачувати	I need to charge my phone.	charge
499	finally	нарешті, врешті	Finally, we finished.	Finally
500	sign	знак; підписувати	Sign here, please.	Sign
501	claim	стверджувати; претензія, заява	He claims that he is right.	claims
502	relationship	стосунки, зв'язок	We have a good relationship with the client.	relationship
503	travel	подорожувати; подорожі	I love to travel.	travel
504	enjoy	насолоджуватися, отримувати задоволення	Enjoy your meal!	Enjoy
505	death	смерть	His death was a shock.	death
506	nice	приємний, гарний	Nice to meet you.	Nice
507	amount	кількість, сума	It's a large amount of money.	amount
508	improve	покращувати	I want to improve my English.	improve
509	picture	картина, фото	Can I take a picture?	picture
510	boy	хлопчик	The boy is playing outside.	boy
511	regard	вважати; (with regard to — щодо)	I regard him as a friend.	regard
512	organization	організація	She works for a non-profit organization.	organization
513	happy	щасливий	I am happy to help.	happy
514	couple	пара; кілька (a couple of)	Give me a couple of minutes.	couple
515	act	діяти; дія, закон	We need to act now.	act
516	range	діапазон, асортимент	What is the salary range?	range
517	quality	якість	Quality is more important than speed.	Quality
518	project	проєкт	I am working on a new project.	project
519	round	круглий; раунд, етап	This is the second round of interviews.	round
520	opportunity	можливість	It's a great opportunity.	opportunity
521	road	дорога	The road is closed.	road
522	accord	(according to — згідно з, за словами)	According to the report, sales are up.	According
523	list	список	Make a list of questions.	list
524	wish	бажати; бажання	I wish you good luck.	wish
525	therefore	тому, отже	It's late, therefore we stop.	therefore
526	wear	носити (одяг)	I wear glasses.	wear
527	fund	фонд; фінансувати	The fund helps children.	fund
528	rest	відпочинок; решта; відпочивати	I need some rest.	rest
529	kid	дитина (розм.)	My kid loves cartoons.	kid
530	industry	галузь, промисловість	I work in the IT industry.	industry
531	education	освіта	Education is very important.	Education
532	measure	вимірювати; захід	How do you measure success?	measure
533	kill	вбивати	Smoking can kill.	kill
534	serve	обслуговувати, подавати, служити	We serve breakfast until ten.	serve
535	likely	ймовірний, ймовірно	It is likely to rain.	likely
536	certainly	безперечно, звісно	I will certainly help you.	certainly
537	national	національний	It's a national holiday.	national
538	itself	сам, себе (воно)	The problem solved itself.	itself
539	teach	навчати, викладати	She will teach me English.	teach
540	field	поле; галузь	What is your field of work?	field
541	security	безпека	Security is our priority.	Security
542	air	повітря	I need some fresh air.	air
543	benefit	перевага, вигода; пільга	What are the benefits of this job?	benefits
544	trade	торгівля; торгувати	Trade between the countries is growing.	Trade
545	risk	ризик; ризикувати	It's a big risk.	risk
546	news	новини	I have good news.	news
547	standard	стандарт; стандартний	This is the standard price.	standard
548	vote	голосувати; голос	Did you vote?	vote
549	percent	відсоток	Ten percent of the team is remote.	percent
550	focus	фокусуватися; фокус	Focus on the main task.	Focus
551	stage	етап; сцена	What stage is the project at?	stage
552	space	простір, місце; космос	We need more space.	space
553	instead	замість	Let's walk instead.	instead
554	realize	усвідомлювати	I didn't realize it was so late.	realize
555	usually	зазвичай	I usually start work at nine.	usually
556	data	дані	We need more data.	data
557	single	єдиний, окремий; неодружений	I didn't make a single mistake.	single
558	address	адреса; звертатися	What is your address?	address
559	performance	продуктивність, виступ	His performance was excellent.	performance
560	chance	шанс, можливість	Give me a chance.	chance
561	accept	приймати, погоджуватися	I accept your offer.	accept
562	society	суспільство	Technology changes society.	society
563	technology	технологія	I love new technology.	technology
564	mention	згадувати	He didn't mention the salary.	mention
565	choice	вибір	It's your choice.	choice
566	save	зберігати, рятувати, економити	Save the file.	Save
567	common	поширений, спільний	It's a common mistake.	common
568	culture	культура	I like your company culture.	culture
569	total	загальний; сума	What is the total cost?	total
570	demand	попит; вимагати	There is high demand for developers.	demand
571	material	матеріал	Send me the material for the meeting.	material
572	limit	межа, ліміт; обмежувати	There is no limit.	limit
573	listen	слухати	Listen to me.	Listen
574	due	має бути зроблений (до терміну), очікуваний; (due to — через)	The report is due on Friday.	due
575	wrong	неправильний	Something is wrong.	wrong
576	foot	ступня, нога; фут	My foot hurts.	foot
577	effort	зусилля	Thank you for your effort.	effort
578	attention	увага	Pay attention, please.	attention
579	upon	на, після (офіц.)	Payment is due upon arrival.	upon
580	check	перевіряти; чек	Can you check my text?	check
581	complete	завершувати; повний	Please complete the form.	complete
582	lie	брехати; лежати; брехня	Don't lie to me.	lie
583	pick	вибирати, підбирати (pick up — забрати)	I will pick you up at six.	pick
584	reduce	зменшувати	We need to reduce costs.	reduce
585	personal	особистий	It's a personal question.	personal
586	ground	земля, ґрунт	Sit on the ground.	ground
587	animal	тварина	The cat is my favorite animal.	animal
588	arrive	прибувати	When will you arrive?	arrive
589	patient	пацієнт; терплячий	Be patient.	patient
590	current	поточний, теперішній	What is your current salary?	current
591	century	століття	This building is from the 19th century.	century
592	evidence	доказ	There is no evidence.	evidence
593	exist	існувати	Does this job still exist?	exist
594	similar	схожий	We have similar ideas.	similar
595	fight	битися, боротися; бійка	Don't fight!	fight
596	leader	лідер	She is a natural leader.	leader
597	fine	добре; штраф	I'm fine, thanks.	fine
598	street	вулиця	I live on this street.	street
599	former	колишній	He is my former boss.	former
600	contact	контакт; зв'язуватися	Please contact me by email.	contact
601	particularly	особливо	I particularly like this part.	particularly
602	wife	дружина	My wife is a designer.	wife
603	sport	спорт	What sport do you like?	sport
604	prepare	готувати(ся)	I need to prepare for the interview.	prepare
605	discuss	обговорювати	Let's discuss it tomorrow.	discuss
606	response	відповідь, реакція	Thank you for your quick response.	response
607	voice	голос	You have a nice voice.	voice
608	piece	шматок, частина	Can I have a piece of cake?	piece
609	finish	закінчувати	I will finish it today.	finish
610	suppose	припускати	I suppose you are right.	suppose
611	apply	подавати заявку; застосовувати	I want to apply for this job.	apply
612	president	президент	The president gave a speech.	president
613	fire	вогонь, пожежа; звільняти	Fire! Call 101!	Fire
614	compare	порівнювати	Compare these two offers.	Compare
615	court	суд; корт	The case went to court.	court
616	police	поліція	Call the police!	police
617	store	магазин; зберігати	The store opens at nine.	store
618	poor	бідний; поганий	The quality is poor.	poor
619	knowledge	знання	He has good knowledge of Java.	knowledge
620	laugh	сміятися; сміх	Don't laugh at me.	laugh
621	arm	рука (від плеча)	I broke my arm.	arm
622	heart	серце	She has a kind heart.	heart
623	source	джерело	What is your source?	source
624	employee	працівник	We have fifty employees.	employees
625	manage	керувати; справлятися	Can you manage it alone?	manage
626	simply	просто	I simply don't know.	simply
627	bank	банк; берег	I need to go to the bank.	bank
628	firm	фірма; твердий	He works at a law firm.	firm
629	cell	клітина; камера; (cell phone — мобільний телефон)	This is a cell phone.	cell
630	article	стаття	I read an interesting article.	article
631	fast	швидкий, швидко	He runs fast.	fast
632	attack	атака; нападати	The attack was at night.	attack
633	foreign	іноземний	Do you speak a foreign language?	foreign
634	surprise	сюрприз, здивування; дивувати	What a surprise!	surprise
635	feature	особливість, функція	This app has a new feature.	feature
636	factor	фактор, чинник	Salary is an important factor.	factor
637	pretty	гарний; досить	It's pretty good.	pretty
638	recently	нещодавно	I recently changed jobs.	recently
639	affect	впливати	Stress can affect your health.	affect
640	drop	падати, кидати; крапля	Don't drop the glass.	drop
641	recent	недавній	This is a recent photo.	recent
642	relate	стосуватися, пов'язувати; (relate to — розуміти, співчувати)	This question doesn't relate to the job.	relate
643	official	офіційний; посадовець	This is the official website.	official
644	financial	фінансовий	We have financial problems.	financial
645	miss	сумувати; пропускати, не влучити	I miss you.	miss
646	art	мистецтво	I love modern art.	art
647	campaign	кампанія	We started a new campaign.	campaign
648	private	приватний	This is a private room.	private
649	pause	пауза; робити паузу	Let's pause here.	pause
650	everyone	кожен, всі	Hello, everyone!	everyone
651	forget	забувати	Don't forget your keys.	forget
652	page	сторінка	Open page ten.	page
653	worry	хвилюватися	Don't worry.	worry
654	summer	літо	I love summer.	summer
655	drink	пити; напій	What would you like to drink?	drink
656	opinion	думка	In my opinion, it's a good idea.	opinion
657	park	парк; паркувати	Let's go to the park.	park
658	represent	представляти	I represent our company.	represent
659	key	ключ; ключовий	This is the key point.	key
660	inside	всередині	Let's go inside.	inside
661	manager	менеджер	I want to talk to the manager.	manager
662	international	міжнародний	It's an international company.	international
663	contain	містити	This food may contain nuts.	contain
664	notice	помічати; повідомлення	Did you notice anything strange?	notice
665	wonder	цікавитися, дивуватися; диво	I wonder why he left.	wonder
666	nature	природа, характер	I love nature.	nature
667	structure	структура	The structure of the team is simple.	structure
668	section	розділ, секція	Read this section first.	section
669	myself	сам, себе (я)	I did it myself.	myself
670	exactly	точно	That's exactly what I mean.	exactly
671	plant	рослина; завод; садити	Water the plant.	plant
672	paint	фарба; фарбувати, малювати	We need to paint the walls.	paint
673	worker	працівник	He is a hard worker.	worker
674	press	натискати; преса	Press the button.	Press
675	whatever	що б не; будь-що	Do whatever you want.	whatever
676	necessary	необхідний	Is it necessary?	necessary
677	region	регіон	This region is famous for wine.	region
678	growth	зростання	Our company shows fast growth.	growth
679	evening	вечір	Good evening!	evening
680	influence	вплив; впливати	He has a lot of influence.	influence
681	respect	повага; поважати	I respect your decision.	respect
682	various	різні	We have various options.	various
683	catch	ловити, встигнути	I need to catch the bus.	catch
684	thus	таким чином, отже	Thus, we need more time.	Thus
685	skill	навичка	Communication is a key skill.	skill
686	attempt	спроба; намагатися	It was my first attempt.	attempt
687	son	син	My son is five.	son
688	simple	простий	It's very simple.	simple
689	medium	середній	I'd like a medium coffee.	medium
690	average	середній; середнє	The average salary is growing.	average
691	stock	запас; акції	The item is out of stock.	stock
692	management	управління, керівництво	Management approved the budget.	Management
693	character	характер; персонаж	He has a strong character.	character
694	bed	ліжко	I go to bed at eleven.	bed
695	hit	вдаряти, влучати; хіт	Don't hit him.	hit
696	establish	засновувати, встановлювати	They want to establish a new company.	establish
697	indeed	справді, дійсно	It is indeed a good idea.	indeed
698	final	остаточний, фінальний	This is my final offer.	final
699	economy	економіка	The economy is growing.	economy
700	fit	підходити (за розміром); у формі	This shirt doesn't fit me.	fit
701	guy	хлопець (розм.)	He is a nice guy.	guy
702	function	функція	What is the function of this button?	function
703	yesterday	вчора	I saw him yesterday.	yesterday
704	image	зображення, образ	The image is too small.	image
705	size	розмір	What size do you need?	size
706	behavior	поведінка	His behavior was strange.	behavior
707	addition	додаток (in addition — крім того)	In addition, we offer free lunch.	addition
708	determine	визначати	We need to determine the price.	determine
709	station	станція, вокзал	Meet me at the station.	station
710	population	населення	What is the population of Kyiv?	population
711	fail	зазнати невдачі, провалити	Don't be afraid to fail.	fail
712	environment	середовище, довкілля	We have a friendly work environment.	environment
713	production	виробництво	Production will start in May.	Production
714	contract	контракт, договір	Sign the contract, please.	contract
715	player	гравець	He is a great player.	player
716	comment	коментар; коментувати	Do you have any comment?	comment
717	enter	входити, вводити	Enter your password.	Enter
718	occur	траплятися	Mistakes can occur.	occur
719	alone	сам, на самоті	I live alone.	alone
720	significant	значний, суттєвий	It's a significant change.	significant
721	drug	ліки; наркотик	This drug helps with pain.	drug
722	wall	стіна	Put the picture on the wall.	wall
723	series	серія, серіал	I'm watching a new series.	series
724	direct	прямий; спрямовувати	Is there a direct flight?	direct
725	success	успіх	Good luck and success!	success
726	tomorrow	завтра	See you tomorrow.	tomorrow
727	director	директор, режисер	She is the director of HR.	director
728	clearly	чітко, очевидно	Please speak clearly.	clearly
729	lack	брак, нестача; бракувати	There is a lack of time.	lack
730	review	огляд, відгук; переглядати	Please review my CV.	review
731	depend	залежати	It depends on the salary.	depends
732	race	перегони; раса	Who won the race?	race
733	recognize	впізнавати, визнавати	I didn't recognize you.	recognize
734	window	вікно	Open the window.	window
735	purpose	мета	What is the purpose of this meeting?	purpose
736	department	відділ	I work in the HR department.	department
737	gain	отримувати, набирати; вигода	You can gain a lot of experience here.	gain
738	tree	дерево	There is a big tree in the yard.	tree
739	college	коледж	She goes to college.	college
740	argue	сперечатися	Don't argue with me.	argue
741	board	дошка; рада (директорів); сідати (в транспорт)	Write it on the board.	board
742	holiday	свято, відпустка	I'm on holiday next week.	holiday
743	mark	позначка, оцінка; позначати	Mark the important points.	Mark
744	church	церква	There is an old church in the center.	church
745	machine	машина, апарат	The coffee machine is broken.	machine
746	achieve	досягати	What do you want to achieve?	achieve
747	item	пункт, предмет, товар	The first item on the list is salary.	item
748	prove	доводити	Can you prove it?	prove
749	cent	цент	I don't have a cent.	cent
750	season	сезон, пора року	Winter is my favorite season.	season
751	floor	підлога; поверх	My office is on the third floor.	floor
752	stuff	речі, всяке (розм.)	I have a lot of stuff to do.	stuff
753	wide	широкий	The road is very wide.	wide
754	anyone	будь-хто, хтось	Does anyone have a pen?	anyone
755	method	метод	This method works well.	method
756	analysis	аналіз	I need a detailed analysis.	analysis
757	election	вибори	The election is next year.	election
758	military	військовий	He has military experience.	military
759	hotel	готель	We stayed in a nice hotel.	hotel
760	club	клуб	I joined a book club.	club
761	below	нижче, під	See the table below.	below
762	movie	фільм	Let's watch a movie tonight.	movie
763	doctor	лікар	You should see a doctor.	doctor
764	discussion	обговорення	We had a long discussion.	discussion
765	sorry	вибачте; шкодувати	Sorry, I'm late.	Sorry
766	challenge	виклик, складне завдання	This job is a real challenge.	challenge
767	nation	нація, країна	The whole nation watched the game.	nation
768	nearly	майже	I nearly forgot.	nearly
769	statement	заява, твердження; виписка	The bank sent me a statement.	statement
770	link	посилання, зв'язок; пов'язувати	Send me the link.	link
771	despite	незважаючи на	Despite the rain, we went out.	Despite
772	introduce	представляти, запроваджувати	Let me introduce myself.	introduce
773	advantage	перевага	What is the main advantage?	advantage
774	ready	готовий	Are you ready?	ready
775	marry	одружуватися	Will you marry me?	marry
776	strike	страйк; удар; вдаряти	The workers are on strike.	strike
777	mile	миля	It's one mile from here.	mile
778	seek	шукати (офіц.)	We seek a senior developer.	seek
779	ability	здатність, вміння	She has the ability to learn fast.	ability
780	unit	одиниця, підрозділ	He works in a special unit.	unit
781	card	картка	Can I pay by card?	card
782	hospital	лікарня	He is in the hospital.	hospital
783	quickly	швидко	Please answer quickly.	quickly
784	interview	співбесіда, інтерв'ю	I have a job interview tomorrow.	interview
785	agreement	угода, згода	We signed the agreement.	agreement
786	release	випускати, звільняти; реліз	We will release the new version in May.	release
787	tax	податок	How much tax do you pay?	tax
788	solution	рішення (проблеми)	We need a quick solution.	solution
789	capital	столиця; капітал	Kyiv is the capital of Ukraine.	capital
790	popular	популярний	This is a popular place.	popular
791	specific	конкретний	Can you be more specific?	specific
792	beautiful	гарний, красивий	What a beautiful city!	beautiful
793	fear	страх; боятися	I have a fear of flying.	fear
794	aim	мета; націлюватися	What is your aim?	aim
795	television	телебачення, телевізор	I don't watch television.	television
796	serious	серйозний	Are you serious?	serious
797	target	ціль; націлювати	We reached our target.	target
798	degree	ступінь, градус; диплом	I have a degree in economics.	degree
799	pull	тягнути	Pull the door.	Pull
800	red	червоний	I like red wine.	red
801	husband	чоловік (у шлюбі)	Her husband is a pilot.	husband
802	access	доступ	I don't have access to the file.	access
803	movement	рух	Every movement hurts.	movement
804	treat	ставитися; пригощати; лікувати	Treat people with respect.	Treat
805	identify	визначати, ідентифікувати	We need to identify the problem.	identify
806	loss	втрата, збиток	The company had a big loss.	loss
807	shall	(у пропозиціях: Shall we…? — Може, …?); (майбутній час, офіц.)	Shall we start?	Shall
808	modern	сучасний	I like modern design.	modern
809	pressure	тиск	I work well under pressure.	pressure
810	bus	автобус	I take the bus to work.	bus
811	treatment	лікування; ставлення	The treatment was successful.	treatment
812	yourself	сам, себе (ти)	Tell me about yourself.	yourself
813	supply	постачання; постачати	We supply water to the city.	supply
814	village	село	My grandparents live in a village.	village
815	worth	вартий (it's worth it — воно того варте)	It's worth it.	worth
816	natural	природний	It's a natural reaction.	natural
817	express	висловлювати; експрес	It's hard to express in English.	express
818	indicate	вказувати	The results indicate a problem.	indicate
819	attend	відвідувати (захід)	I will attend the meeting.	attend
820	brother	брат	My brother is older than me.	brother
821	investment	інвестиція	It's a good investment.	investment
822	score	рахунок, бал; забивати	What is the score?	score
823	organize	організовувати	Can you organize the meeting?	organize
824	trip	поїздка	Have a nice trip!	trip
825	beyond	за межами, поза	It's beyond my control.	beyond
826	sleep	спати; сон	I need more sleep.	sleep
827	fish	риба; рибалити	I don't eat fish.	fish
828	promise	обіцяти; обіцянка	I promise to call you.	promise
829	potential	потенціал; потенційний	He has great potential.	potential
830	energy	енергія	I have no energy today.	energy
831	trouble	неприємності, проблема	Are you in trouble?	trouble
832	relation	відношення, зв'язок	It has no relation to the case.	relation
833	touch	торкатися; дотик (keep in touch — на зв'язку)	Let's keep in touch.	touch
834	file	файл; подавати (документ)	Send me the file.	file
835	middle	середина	Stand in the middle.	middle
836	bar	бар; брусок	Let's meet at the bar.	bar
837	suffer	страждати	Many people suffer from stress.	suffer
838	strategy	стратегія	What is your strategy?	strategy
839	deep	глибокий	The lake is very deep.	deep
840	except	крім	Everyone came except John.	except
841	clean	чистий; прибирати	Clean your room.	Clean
842	tend	мати тенденцію, схилятися	I tend to work late.	tend
843	advance	просуватися; аванс (in advance — заздалегідь)	Thanks in advance.	advance
844	fill	наповнювати, заповнювати	Fill in the form.	Fill
845	star	зірка	He is a real star.	star
846	network	мережа	I have a big professional network.	network
847	generally	загалом	Generally, I agree.	Generally
848	operation	операція, робота	The operation was successful.	operation
849	match	матч; відповідати, підходити	Your skills match the job.	match
850	avoid	уникати	Avoid long sentences.	Avoid
851	seat	місце (для сидіння)	Is this seat free?	seat
852	throw	кидати	Don't throw it away.	throw
853	task	завдання	I have an important task.	task
854	normal	нормальний, звичайний	It's normal.	normal
855	goal	мета; гол	What is your main goal?	goal
856	associate	пов'язувати; колега, партнер	I associate this song with summer.	associate
857	blue	синій, блакитний	The sky is blue.	blue
858	positive	позитивний	Stay positive!	positive
859	option	варіант, опція	We have two options.	options
860	box	коробка	Put it in the box.	box
861	huge	величезний	It's a huge success.	huge
862	message	повідомлення	Leave a message.	message
863	instance	приклад, випадок (for instance — наприклад)	For instance, you can work from home.	instance
864	style	стиль	I like your style.	style
865	refer	посилатися, направляти	Can you refer me to a good doctor?	refer
866	cold	холодний; застуда	It's cold outside.	cold
867	push	штовхати, тиснути	Push the button.	Push
868	quarter	чверть, квартал	We grew in the last quarter.	quarter
869	assume	припускати	I assume you know him.	assume
870	baby	немовля, малюк	The baby is sleeping.	baby
871	successful	успішний	She is a successful manager.	successful
872	sing	співати	Can you sing?	sing
873	doubt	сумнів; сумніватися	I have no doubt.	doubt
874	competition	конкуренція, змагання	There is strong competition for this job.	competition
875	theory	теорія	It's just a theory.	theory
876	propose	пропонувати	I propose a new plan.	propose
877	reference	рекомендація, посилання	Can you give me a reference?	reference
878	argument	суперечка; аргумент	We had an argument.	argument
879	adult	дорослий	Tickets for an adult cost 200.	adult
880	fly	літати; муха	I fly to Warsaw tomorrow.	fly
881	document	документ	Please sign this document.	document
882	pattern	шаблон, закономірність	I see a pattern here.	pattern
883	application	заявка; застосунок	I sent my application yesterday.	application
884	hot	гарячий, спекотний	It's very hot today.	hot
885	obviously	очевидно	Obviously, he was wrong.	Obviously
886	unclear	незрозумілий	The task is unclear.	unclear
887	bill	рахунок (до оплати); законопроєкт	Can I have the bill, please?	bill
888	search	шукати; пошук	I search for candidates on LinkedIn.	search
889	separate	окремий; розділяти	We need separate rooms.	separate
890	central	центральний	The hotel is in a central area.	central
891	career	кар'єра	I want to build a career in IT.	career
892	anyway	все одно, так чи інакше	Anyway, let's move on.	Anyway
893	speech	промова, мовлення	He gave a great speech.	speech
894	dog	собака	I have a dog.	dog
895	officer	офіцер, службовець	He is a police officer.	officer
896	throughout	протягом усього, по всьому	It rained throughout the day.	throughout
897	oil	олія, нафта	Add some oil.	oil
898	dress	сукня; одягатися	She wore a red dress.	dress
899	profit	прибуток	The company made a big profit.	profit
900	guess	вгадувати, припускати	Guess who called me.	Guess
901	fun	веселощі; веселий	Have fun!	fun
902	protect	захищати	We must protect our data.	protect
903	resource	ресурс	We don't have enough resources for this.	resources
904	science	наука	I love science.	science
905	disease	хвороба	It's a rare disease.	disease
906	balance	баланс, рівновага	Work-life balance is important.	balance
907	damage	пошкодження; пошкоджувати	The storm caused a lot of damage.	damage
908	basis	основа (on a daily basis — щодня)	I do it on a daily basis.	basis
909	author	автор	Who is the author of this book?	author
910	basic	базовий, основний	I have basic knowledge of Python.	basic
911	encourage	заохочувати, підбадьорювати	I encourage you to try.	encourage
912	hair	волосся	She has long hair.	hair
913	male	чоловічий; чоловік	He is a male nurse.	male
914	operate	працювати, керувати; оперувати	We operate in ten countries.	operate
915	reflect	відображати, обдумувати	The price will reflect the quality.	reflect
916	exercise	вправа; тренуватися	Do this exercise.	exercise
917	useful	корисний	This is very useful.	useful
918	restaurant	ресторан	Let's go to a restaurant.	restaurant
919	income	дохід	What is your monthly income?	income
920	property	власність, нерухомість	This is private property.	property
921	previous	попередній	What was your previous job?	previous
922	dark	темний	It's getting dark.	dark
923	imagine	уявляти	Imagine you are the manager.	Imagine
924	okay	гаразд, добре	Okay, let's go.	Okay
925	earn	заробляти	How much do you earn?	earn
926	daughter	донька	My daughter goes to school.	daughter
927	post	пост, посада; публікувати; пошта	I will post it on LinkedIn.	post
928	newspaper	газета	I read the newspaper online.	newspaper
929	define	визначати	How do you define success?	define
930	conclusion	висновок	What is your conclusion?	conclusion
931	clock	годинник (настінний)	The clock is slow.	clock
932	everybody	всі	Hi, everybody!	everybody
933	weekend	вихідні	Have a nice weekend!	weekend
934	perform	виконувати, виступати	He can perform well under stress.	perform
935	professional	професійний; фахівець	She is a real professional.	professional
936	mine	мій (займ.); шахта	This bag is mine.	mine
937	debate	дебати; обговорювати	There was a long debate.	debate
938	memory	пам'ять, спогад	I have a bad memory for names.	memory
939	green	зелений	I like green tea.	green
940	song	пісня	I love this song.	song
941	object	об'єкт, предмет; заперечувати	What is this object?	object
942	maintain	підтримувати, обслуговувати	It's hard to maintain this system.	maintain
943	credit	кредит; заслуга	Can I pay on credit?	credit
944	ring	кільце; дзвонити	I'll give you a ring later.	ring
945	discover	відкривати, виявляти	I want to discover new places.	discover
946	dead	мертвий; розряджений	My phone is dead.	dead
947	afternoon	день (після полудня)	See you in the afternoon.	afternoon
948	prefer	надавати перевагу	I prefer tea.	prefer
949	extend	продовжувати, подовжувати	Can we extend the deadline?	extend
950	possibility	можливість	Is there a possibility to work remotely?	possibility
951	direction	напрямок	Which direction should I go?	direction
952	facility	приміщення, об'єкт, засоби	The new facility is huge.	facility
953	variety	різноманіття	We offer a variety of courses.	variety
954	daily	щоденний, щодня	I read the news daily.	daily
955	clothes	одяг	I need new clothes.	clothes
956	screen	екран	Share your screen, please.	screen
957	track	трек, доріжка; відстежувати	I track my progress every week.	track
958	dance	танцювати; танець	Can you dance?	dance
959	completely	повністю	I completely forgot.	completely
960	female	жіночий; жінка	She is the first female director of the company.	female
961	responsibility	відповідальність, обов'язок	It's my responsibility.	responsibility
962	original	оригінальний, початковий	This is the original document.	original
963	sister	сестра	My sister lives in Lviv.	sister
964	rock	камінь; рок	He sat on a rock.	rock
965	dream	мрія, сон; мріяти	It's my dream job.	dream
966	nor	ні (neither ... nor)	Neither he nor she knows.	nor
967	university	університет	I studied at Kyiv university.	university
968	easily	легко	You can easily do it.	easily
969	agency	агенція	I work at a recruiting agency.	agency
970	dollar	долар	It costs ten dollars.	dollars
971	garden	сад	We have a small garden.	garden
972	fix	лагодити, виправляти	Can you fix it?	fix
973	ahead	попереду, вперед	Go ahead!	ahead
974	cross	перетинати; хрест	Cross the street carefully.	Cross
975	yeah	так (розм.)	Yeah, sure.	Yeah
976	weight	вага	I want to lose weight.	weight
977	legal	юридичний, законний	Is it legal?	legal
978	proposal	пропозиція	I like your proposal.	proposal
979	version	версія	This is the new version.	version
980	conversation	розмова	We had a nice conversation.	conversation
981	somebody	хтось	Somebody called you.	Somebody
982	pound	фунт	It costs ten pounds.	pounds
983	magazine	журнал	I read a fashion magazine.	magazine
984	shape	форма; формувати	I'm in good shape.	shape
985	sea	море	I love the sea.	sea
986	immediately	негайно	Call me immediately.	immediately
987	welcome	ласкаво просимо; вітати	Welcome to the team!	Welcome
988	smile	посмішка; посміхатися	Smile!	Smile
989	communication	комунікація, спілкування	Good communication is key.	communication
990	agent	агент	Call your agent.	agent
991	traditional	традиційний	It's a traditional dish.	traditional
992	replace	замінювати	We need to replace him.	replace
993	judge	суддя; судити, оцінювати	Don't judge people.	judge
994	herself	сама, себе (вона)	She did it herself.	herself
995	suddenly	раптом	Suddenly, the lights went out.	Suddenly
996	generation	покоління	The young generation uses TikTok.	generation
997	estimate	оцінювати; оцінка	Can you estimate the cost?	estimate
998	favorite	улюблений	What is your favorite film?	favorite
999	difficulty	труднощі	I had difficulty finding a job.	difficulty
1000	purchase	покупка; купувати	Keep the receipt of your purchase.	purchase
1001	shoot	стріляти; знімати (фільм, фото)	They will shoot the video tomorrow.	shoot
1002	announce	оголошувати	We will announce the results on Monday.	announce
1003	unless	якщо не	I won't go unless you come with me.	unless
1004	independent	незалежний	She is very independent.	independent
1005	recommend	рекомендувати	I recommend this book.	recommend
1006	survey	опитування	Please fill in our survey.	survey
1007	majority	більшість	The majority of candidates are from Kyiv.	majority
1008	stick	палиця; приклеювати, дотримуватися	Let's stick to the plan.	stick
1009	request	запит, прохання; просити	I have a request.	request
1010	rich	багатий	He wants to be rich.	rich
1011	wind	вітер	The wind is very strong today.	wind
1012	none	жоден, нічого	None of them came.	None
1013	exchange	обмін; обмінювати	I want to exchange money.	exchange
1014	budget	бюджет	What is the budget for this position?	budget
1015	famous	відомий	He is a famous actor.	famous
1016	blood	кров	I gave blood today.	blood
1017	appropriate	доречний, відповідний	Is this dress appropriate for work?	appropriate
1018	block	квартал, блок; блокувати	Walk two blocks and turn left.	blocks
1019	warm	теплий	It's warm today.	warm
1020	count	рахувати; розраховувати (count on)	You can count on me.	count
1021	scene	сцена, місце події	I love this scene in the film.	scene
1022	writer	письменник	He is a famous writer.	writer
1023	content	контент, зміст; задоволений	We create content for social media.	content
1024	prevent	запобігати	We must prevent this problem.	prevent
1025	safe	безпечний; сейф	Is it safe here?	safe
1026	invite	запрошувати	I want to invite you to dinner.	invite
1027	mix	змішувати; суміш	Mix the flour and water.	Mix
1028	element	елемент	Trust is a key element.	element
1029	effective	ефективний	This method is very effective.	effective
1030	correct	правильний; виправляти	Is this correct?	correct
1031	medical	медичний	I need medical help.	medical
1032	admit	визнавати; приймати	I admit I was wrong.	admit
1033	beat	бити, перемагати; ритм	We can beat them.	beat
1034	telephone	телефон	Answer the telephone, please.	telephone
1035	copy	копія; копіювати	Can you copy this file?	copy
1036	committee	комітет	The committee will decide.	committee
1037	aware	обізнаний, свідомий	Are you aware of the risks?	aware
1038	advice	порада	Can you give me some advice?	advice
1039	handle	впоратися; ручка	I can handle it.	handle
1040	glass	скло, склянка	Can I have a glass of water?	glass
1041	trial	випробування, пробний період; суд	We offer a free trial.	trial
1042	stress	стрес; наголошувати	I have a lot of stress at work.	stress
1043	radio	радіо	I listen to the radio in the car.	radio
1044	administration	адміністрація	Talk to the administration.	administration
1045	complex	складний; комплекс	It's a complex task.	complex
1046	text	текст; писати повідомлення	Text me when you arrive.	Text
1047	context	контекст	Give me some context.	context
1048	ride	їхати (верхи, на велосипеді); поїздка	I ride my bike to work.	ride
1049	directly	прямо, безпосередньо	Call me directly.	directly
1050	heavy	важкий	This bag is heavy.	heavy
1051	remove	видаляти, прибирати	Please remove this line.	remove
1052	conduct	проводити (дослідження, співбесіду)	I conduct interviews every day.	conduct
1053	equipment	обладнання	We give you all the equipment.	equipment
1054	otherwise	інакше	Hurry, otherwise we'll be late.	otherwise
1055	title	назва, посада, заголовок	What is your job title?	title
1056	extra	додатковий	I need extra time.	extra
1057	executive	керівник; виконавчий	She is a senior executive.	executive
1058	chair	стілець; головувати	Take a chair.	chair
1059	expensive	дорогий	It's too expensive.	expensive
1060	sample	зразок	Can I see a sample of your work?	sample
1061	sex	стать; секс	Sex and age are not important for this job.	Sex
1062	deliver	доставляти	We deliver food.	deliver
1063	video	відео	Send me the video.	video
1064	connection	зв'язок, з'єднання	My internet connection is bad.	connection
1065	primary	основний, первинний	What is your primary goal?	primary
1066	weather	погода	The weather is nice today.	weather
1067	collect	збирати	I collect feedback from candidates.	collect
1068	inform	повідомляти	Please inform me about any changes.	inform
1069	principle	принцип	It's a matter of principle.	principle
1070	straight	прямо; прямий	Go straight ahead.	straight
1071	appeal	звертатися; привабливість; апеляція	This idea doesn't appeal to me.	appeal
1072	highly	дуже, високо	I highly recommend it.	highly
1073	trust	довіряти; довіра	I trust you.	trust
1074	wonderful	чудовий	What a wonderful day!	wonderful
1075	flat	квартира; плаский	I rent a flat in Kyiv.	flat
1076	absolutely	абсолютно	You are absolutely right.	absolutely
1077	flow	потік; текти	There is a steady flow of candidates.	flow
1078	fair	справедливий; ярмарок	It's not fair!	fair
1079	additional	додатковий	Do you have additional questions?	additional
1080	responsible	відповідальний	Who is responsible for this?	responsible
1081	farm	ферма	My uncle has a farm.	farm
1082	collection	колекція	She has a big collection of books.	collection
1083	hang	вішати, висіти	Hang your coat here.	Hang
1084	negative	негативний	Don't be so negative.	negative
1085	band	гурт; смуга	My favorite band is Okean Elzy.	band
1086	relative	родич; відносний	He is my relative.	relative
1087	tour	тур, екскурсія	Let's take a tour of the office.	tour
1088	alternative	альтернатива	Do we have an alternative?	alternative
1089	software	програмне забезпечення	We develop software.	software
1090	pair	пара	I need a new pair of shoes.	pair
1091	ship	корабель; відправляти	We ship to all countries.	ship
1092	attitude	ставлення	He has a positive attitude.	attitude
1093	cheap	дешевий	It's very cheap.	cheap
1094	double	подвійний; подвоювати	I want a double room.	double
1095	leg	нога	My leg hurts.	leg
1096	observe	спостерігати	Observe how he works.	Observe
1097	sentence	речення; вирок	Write a sentence with this word.	sentence
1098	print	друкувати	Can you print this document?	print
1099	progress	прогрес	I see good progress.	progress
1100	truth	правда	Tell me the truth.	truth
1101	nobody	ніхто	Nobody knows.	Nobody
1102	examine	оглядати, досліджувати	The doctor will examine you.	examine
1103	lay	класти	Lay the book on the table.	Lay
1104	speed	швидкість	What is the internet speed?	speed
1105	politics	політика	I'm not interested in politics.	politics
1106	reply	відповідати; відповідь	Please reply to my email.	reply
1107	display	показувати; дисплей	The screen will display your name.	display
1108	transfer	переказ, переведення; переводити	I will transfer the money today.	transfer
1109	perfect	ідеальний	Your English is perfect.	perfect
1110	slightly	трохи	I'm slightly tired.	slightly
1111	overall	загалом; загальний	Overall, it was a good year.	Overall
1112	intend	мати намір	I intend to stay here.	intend
1113	user	користувач	The user can change the settings.	user
1114	respond	відповідати, реагувати	Please respond by Friday.	respond
1115	dinner	вечеря	What's for dinner?	dinner
1116	slow	повільний	The internet is slow.	slow
1117	regular	регулярний, звичайний	I'm a regular customer.	regular
1118	physical	фізичний	Physical activity is important.	Physical
1119	apart	окремо, на відстані	We live apart.	apart
1120	suit	костюм; підходити	This time doesn't suit me.	suit
1121	federal	федеральний	It's a federal law.	federal
1122	reveal	розкривати	He didn't reveal his salary.	reveal
1123	percentage	відсоток	What percentage of candidates pass?	percentage
1124	peace	мир, спокій	We all want peace.	peace
1125	status	статус	What is the status of the project?	status
1126	crime	злочин	Crime is low in this area.	Crime
1127	decline	знижуватися; відхиляти	I have to decline your offer.	decline
1128	decade	десятиліття	I worked there for a decade.	decade
1129	launch	запускати; запуск	We launch the product next month.	launch
1130	warn	попереджати	I warn you!	warn
1131	consumer	споживач	Consumer prices are rising.	Consumer
1132	favor	послуга, прихильність	Can you do me a favor?	favor
1133	dry	сухий; сушити	Keep it dry.	dry
1134	partner	партнер	He is my business partner.	partner
1135	institution	установа, заклад	It's a financial institution.	institution
1136	spot	пляма, місце; помічати	I found a nice spot for lunch.	spot
1137	horse	кінь	She rides a horse.	horse
1138	eventually	зрештою	Eventually, he agreed.	Eventually
1139	heat	спека, тепло; нагрівати	I can't stand the heat.	heat
1140	excite	хвилювати, збуджувати (excited — схвильований)	The news will excite everyone.	excite
1141	reader	читач	He is a fast reader.	reader
1142	importance	важливість	I understand the importance of this.	importance
1143	distance	відстань	What is the distance to Lviv?	distance
1144	guide	гід, посібник; вести	Our guide spoke English.	guide
1145	grant	грант; надавати	We got a grant for the project.	grant
1146	taxi	таксі	Let's take a taxi.	taxi
1147	feed	годувати	Feed the cat, please.	Feed
1148	pain	біль	I have a pain in my back.	pain
1149	sector	сектор	I work in the public sector.	sector
1150	mistake	помилка	Everyone makes mistakes.	mistakes
1151	ensure	гарантувати, забезпечувати	Please ensure the door is locked.	ensure
1152	satisfy	задовольняти	It's hard to satisfy everyone.	satisfy
1153	chief	головний; шеф	He is the chief engineer.	chief
1154	cool	прохолодний; класний	That's cool!	cool
1155	expert	експерт	She is an expert in HR.	expert
1156	wave	хвиля; махати	Wave to him.	Wave
1157	south	південь	I'm from the south of Ukraine.	south
1158	labor	праця, робоча сила	Labor costs are high.	Labor
1159	surface	поверхня	Clean the surface.	surface
1160	library	бібліотека	I study in the library.	library
1161	excellent	відмінний	Excellent work!	Excellent
1162	edge	край	Don't stand on the edge.	edge
1163	camp	табір	The kids went to summer camp.	camp
1164	audience	аудиторія, глядачі	The audience loved the show.	audience
1165	lift	піднімати; ліфт	Can you lift this box?	lift
1166	procedure	процедура	What is the procedure?	procedure
1167	email	електронна пошта; писати листа	Send me an email.	email
1168	global	глобальний	It's a global company.	global
1169	struggle	боротися, мати труднощі; боротьба	I struggle with grammar.	struggle
1170	advertise	рекламувати	We advertise jobs on Djinni.	advertise
1171	select	вибирати	Select the best candidate.	Select
1172	surround	оточувати	Mountains surround the town.	surround
1173	extent	міра, ступінь	To some extent, you are right.	extent
1174	river	річка	The river is very wide.	river
1175	annual	щорічний	This is our annual meeting.	annual
1176	fully	повністю	I fully agree.	fully
1177	contrast	контраст; порівнювати	In contrast, he is very calm.	contrast
1178	roll	котити(ся); булочка, рулон	Roll the ball to me.	Roll
1179	reality	реальність	Face reality.	reality
1180	photograph	фотографія	This is an old photograph.	photograph
1181	artist	художник, артист	She is a great artist.	artist
1182	conflict	конфлікт	How do you handle conflict?	conflict
1183	entire	весь, цілий	I read the entire book.	entire
1184	presence	присутність	Thank you for your presence.	presence
1185	crowd	натовп	There was a big crowd.	crowd
1186	corner	кут, ріг	The shop is on the corner.	corner
1187	gas	газ; бензин	We need to buy gas.	gas
1188	shift	зміна (робоча); зсув; змінювати	I work the night shift.	shift
1189	net	сітка; чистий (про суму)	What is your net salary?	net
1190	category	категорія	Choose a category.	category
1191	secretary	секретар	Ask the secretary.	secretary
1192	defense	оборона, захист	He works in the defense industry.	defense
1193	quick	швидкий	Can I ask a quick question?	quick
1194	cook	готувати їжу; кухар	I like to cook.	cook
1195	spread	поширювати(ся); намазувати	The news will spread fast.	spread
1196	nuclear	ядерний	It's a nuclear power plant.	nuclear
1197	scale	масштаб, шкала; ваги	On a scale of 1 to 10, how happy are you?	scale
1198	driver	водій	The driver is waiting.	driver
1199	ball	м'яч	Throw the ball.	ball
1200	cry	плакати; крик	Don't cry.	cry
1201	introduction	вступ, знайомство	Thanks for the introduction.	introduction
1202	requirement	вимога	What is the main requirement?	requirement
1203	north	північ	We went north.	north
1204	confirm	підтверджувати	Please confirm the time.	confirm
1205	senior	старший; сеньйор	We need a senior developer.	senior
1206	photo	фото	Can I take a photo?	photo
1207	refuse	відмовлятися	I refuse to work for free.	refuse
1208	transport	транспорт; перевозити	Public transport is cheap here.	transport
1209	emerge	з'являтися, виникати	New problems will emerge.	emerge
1210	map	мапа	Can you show me on the map?	map
1211	concept	концепція, поняття	I like the concept.	concept
1212	island	острів	We stayed on an island.	island
1213	reform	реформа; реформувати	We need a tax reform.	reform
1214	neither	жоден з двох; теж не	Neither option is good.	Neither
1215	football	футбол	I watch football every weekend.	football
1216	survive	виживати	Only the strong survive.	survive
1217	flight	рейс, політ	My flight is at nine.	flight
1218	left	лівий; наліво	Turn left.	left
1219	solve	розв'язувати	We need to solve this problem.	solve
1220	neighbor	сусід	My neighbor is very loud.	neighbor
1221	background	фон; досвід, походження	Tell me about your background.	background
1222	technique	техніка, прийом	This is a new technique.	technique
1223	traffic	дорожній рух, трафік	I was stuck in traffic.	traffic
1224	improvement	покращення	I see a big improvement.	improvement
1225	tool	інструмент	This tool is very useful.	tool
1226	consequence	наслідок	Think about the consequences.	consequences
1227	circumstance	обставина	Under no circumstances should you do this.	circumstances
1228	smoke	дим; курити	Do you smoke?	smoke
1229	reaction	реакція	What was his reaction?	reaction
1230	rain	дощ	It's going to rain.	rain
1231	busy	зайнятий	I'm busy right now.	busy
1232	lesson	урок	I have an English lesson today.	lesson
1233	brain	мозок	Use your brain.	brain
1234	mass	маса; масовий	It's a mass market product.	mass
1235	funny	смішний	That's funny.	funny
1236	contribute	робити внесок	Everyone can contribute.	contribute
1237	failure	невдача, провал	Failure is part of success.	Failure
1238	schedule	розклад; планувати	Let's schedule a call.	schedule
1239	speaker	спікер, доповідач; колонка	He is a native speaker.	speaker
1240	bottom	низ, дно	Scroll to the bottom.	bottom
1241	adopt	приймати, усиновлювати	We will adopt a new policy.	adopt
1242	combine	поєднувати	Combine work and study.	Combine
1243	mountain	гора	We climbed a mountain.	mountain
1244	waste	марнувати; відходи	Don't waste time.	waste
1245	hide	ховати(ся)	Where did you hide it?	hide
1246	marriage	шлюб	They have a happy marriage.	marriage
1247	ticket	квиток	I bought a ticket.	ticket
1248	meal	прийом їжі, страва	Enjoy your meal.	meal
1249	colleague	колега	She is my colleague.	colleague
1250	bag	сумка	Where is my bag?	bag
1251	repeat	повторювати	Can you repeat that, please?	repeat
1252	equal	рівний; дорівнювати	Everyone has equal rights.	equal
1253	expression	вираз, вираження	I don't know this expression.	expression
1254	plus	плюс	Salary plus bonus.	plus
1255	extremely	надзвичайно	It's extremely important.	extremely
1256	owner	власник	He is the owner of the company.	owner
1257	plane	літак	The plane is late.	plane
1258	commercial	комерційний; реклама	It's a commercial project.	commercial
1259	lady	леді, пані	Ask that lady.	lady
1260	duty	обов'язок; мито	What are your main duties?	duties
1261	strength	сила; сильна сторона	What is your main strength?	strength
1262	connect	з'єднувати, підключати	Connect to Wi-Fi.	Connect
1263	cultural	культурний	It's a cultural difference.	cultural
1264	arrange	організовувати, домовлятися	Let's arrange a meeting.	arrange
1265	scheme	схема, план	It's a new pension scheme.	scheme
1266	payment	оплата, платіж	The payment is late.	payment
1267	unfortunately	на жаль	Unfortunately, we can't offer you the job.	Unfortunately
1268	brief	короткий; інструктаж	Please be brief.	brief
1269	bird	птах	A bird is singing.	bird
1270	demonstrate	демонструвати	Can you demonstrate how it works?	demonstrate
1271	contribution	внесок	Thanks for your contribution.	contribution
1272	appreciate	цінувати, бути вдячним	I appreciate your help.	appreciate
1273	chapter	розділ	Read the first chapter.	chapter
1274	secret	секрет; таємний	Can you keep a secret?	secret
1275	apparently	очевидно, схоже	Apparently, he quit.	Apparently
1276	novel	роман; новий	I'm reading a novel.	novel
1277	union	союз, профспілка	The union supports the workers.	union
1278	burn	горіти, палити	Don't burn the food.	burn
1279	trend	тенденція, тренд	It's a new trend.	trend
1280	initial	початковий	The initial salary is low.	initial
1281	pleasure	задоволення	It's a pleasure to meet you.	pleasure
1282	suggestion	пропозиція, порада	Do you have a suggestion?	suggestion
1283	critical	критичний	It's a critical mistake.	critical
1284	gather	збирати(ся)	Let's gather in the hall.	gather
1285	mostly	здебільшого	I mostly work from home.	mostly
1286	earth	земля, Земля	The earth goes around the sun.	earth
1287	pop	поп; вискочити, заскочити	I'll pop in later.	pop
1288	essential	суттєвий, необхідний	English is essential for this job.	essential
1289	desire	бажання; бажати	I have a strong desire to learn.	desire
1290	promote	просувати, підвищувати (на посаді)	They will promote him next year.	promote
1291	currently	наразі	I'm currently looking for a job.	currently
1292	employ	наймати	The company will employ 50 people.	employ
1293	path	стежка, шлях	Follow the path.	path
1294	topic	тема	Let's change the topic.	topic
1295	beach	пляж	Let's go to the beach.	beach
1296	attract	приваблювати	How do we attract good candidates?	attract
1297	engage	залучати, займатися	We need to engage the team.	engage
1298	powerful	потужний	It's a powerful tool.	powerful
1299	flower	квітка	I bought a flower for my mom.	flower
1300	crisis	криза	It's an economic crisis.	crisis
1301	settle	облаштовуватися, врегульовувати	Let's settle this now.	settle
1302	boat	човен	We rented a boat.	boat
1303	aid	допомога	They need medical aid.	aid
1304	fan	вболівальник, фанат; вентилятор	I'm a big fan of football.	fan
1305	kitchen	кухня	She is in the kitchen.	kitchen
1306	twice	двічі	I call my mom twice a week.	twice
1307	fresh	свіжий	I need fresh air.	fresh
1308	delay	затримка; затримувати	Sorry for the delay.	delay
1309	safety	безпека	Safety first!	Safety
1310	engineer	інженер	He is a software engineer.	engineer
1311	quiet	тихий	It's quiet here.	quiet
1312	insurance	страхування	The job includes health insurance.	insurance
1313	nurse	медсестра	The nurse will help you.	nurse
1314	divide	ділити	Divide the work between you.	Divide
1315	length	довжина	What is the length of the project?	length
1316	investigation	розслідування	The investigation is still going.	investigation
1317	package	пакет, посилка	The package includes a bonus.	package
1318	somewhere	десь	I left my keys somewhere.	somewhere
1319	expand	розширювати(ся)	We plan to expand the team.	expand
1320	commit	зобов'язуватися; скоювати	I commit to finishing it today.	commit
1321	obvious	очевидний	The answer is obvious.	obvious
1322	jump	стрибати; стрибок	Jump!	Jump
1323	weapon	зброя	The police found a weapon.	weapon
1324	relatively	відносно	It's relatively cheap.	relatively
1325	host	господар, ведучий; приймати	Who will host the party?	host
1326	winter	зима	Winter is cold here.	Winter
1327	district	район	I live in the Podil district.	district
1328	broad	широкий	He has broad experience.	broad
1329	tire	шина; втомлювати(ся)	I have a flat tire.	tire
1330	spring	весна; пружина	I love spring.	spring
1331	spirit	дух	Team spirit is important.	spirit
1332	lunch	обід	Let's have lunch.	lunch
1333	actual	фактичний, справжній	What is the actual cost?	actual
1334	pool	басейн; пул	The hotel has a pool.	pool
1335	battle	битва	It was a long battle.	battle
1336	tradition	традиція	It's a family tradition.	tradition
1337	cash	готівка	Do you have cash?	cash
1338	hardly	ледве, майже не	I can hardly hear you.	hardly
1339	award	нагорода; нагороджувати	He won an award.	award
1340	coach	тренер; автобус	Our coach is very strict.	coach
1341	experiment	експеримент	Let's do an experiment.	experiment
1342	consideration	розгляд, врахування	Thank you for your consideration.	consideration
1343	strange	дивний	That's strange.	strange
1344	code	код	Enter the code.	code
1345	possibly	можливо	Could you possibly help me?	possibly
1346	threat	загроза	It's a serious threat.	threat
1347	accident	аварія, випадковість	He had a car accident.	accident
1348	impossible	неможливий	Nothing is impossible.	impossible
1349	revenue	виручка, дохід	Our revenue grew this year.	revenue
1350	enable	давати змогу	This tool will enable us to work faster.	enable
1351	afraid	наляканий (I'm afraid — на жаль)	I'm afraid I can't help.	afraid
1352	active	активний	He is very active.	active
1353	conclude	робити висновок, завершувати	Let me conclude.	conclude
1354	religious	релігійний	It's a religious holiday.	religious
1355	cancer	рак (хвороба)	He had cancer.	cancer
1356	convince	переконувати	Can you convince him?	convince
1357	vary	відрізнятися, варіюватися	Prices vary.	vary
1358	environmental	екологічний	It's an environmental problem.	environmental
1359	sun	сонце	The sun is shining.	sun
1360	healthy	здоровий	Eat healthy food.	healthy
1361	blow	дути; удар	The wind will blow all night.	blow
1362	volume	обсяг; гучність	Turn down the volume.	volume
1363	location	місцезнаходження	What is the office location?	location
1364	invest	інвестувати	I want to invest in myself.	invest
1365	proceed	продовжувати, переходити (до)	Let's proceed to the next step.	proceed
1366	wash	мити	Wash your hands.	Wash
1367	actor	актор	He is a famous actor.	actor
1368	glad	радий	I'm glad to see you.	glad
1369	tape	стрічка, скотч	I need some tape.	tape
1370	whereas	тоді як	I like tea, whereas he likes coffee.	whereas
1371	opposite	протилежний; навпроти	The bank is opposite the park.	opposite
1372	stone	камінь	The house is made of stone.	stone
1373	sum	сума	It's a large sum.	sum
1374	murder	вбивство	The film is about a murder.	murder
1375	monitor	монітор; стежити	We monitor the market.	monitor
1376	soldier	солдат	My brother is a soldier.	soldier
1377	finance	фінанси; фінансувати	I work in finance.	finance
1378	hate	ненавидіти	I hate waiting.	hate
1379	egg	яйце	I eat an egg every morning.	egg
1380	concert	концерт	Let's go to a concert.	concert
1381	shock	шок; шокувати	It was a shock.	shock
1382	comfortable	зручний, комфортний	Are you comfortable?	comfortable
1383	usual	звичайний	As usual, he was late.	usual
1384	carefully	уважно, обережно	Read carefully.	carefully
1385	pack	пакувати; пачка	Pack your bag.	Pack
1386	recall	згадувати; відкликати	I can't recall his name.	recall
1387	wine	вино	A glass of wine, please.	wine
1388	camera	камера	Turn on your camera.	camera
1389	swim	плавати	Can you swim?	swim
1390	manufacture	виробляти	They manufacture drones.	manufacture
1391	theater	театр	Let's go to the theater.	theater
1392	cycle	цикл; їздити на велосипеді	The hiring cycle is a month.	cycle
1393	coffee	кава	I need coffee.	coffee
1394	totally	повністю	I totally agree.	totally
1395	museum	музей	Let's visit the museum.	museum
1396	visitor	відвідувач	We have a visitor.	visitor
1397	freedom	свобода	Freedom is priceless.	Freedom
1398	construction	будівництво	The building is under construction.	construction
1399	dear	дорогий, любий	Dear Anna, ...	Dear
1400	objective	мета; об'єктивний	What is the main objective?	objective
1401	moreover	крім того	Moreover, the salary is good.	Moreover
1402	onto	на (рух)	He jumped onto the table.	onto
1403	historical	історичний	It's a historical building.	historical
1404	oppose	виступати проти	Many people oppose the plan.	oppose
1405	branch	гілка; філія	We have a branch in Lviv.	branch
1406	vehicle	транспортний засіб	Park your vehicle here.	vehicle
1407	scientist	науковець	She is a scientist.	scientist
1408	route	маршрут	What is the fastest route?	route
1409	bind	зв'язувати, зобов'язувати	The contract will bind both sides.	bind
1410	belong	належати	This bag doesn't belong to me.	belong
1411	taste	смак; куштувати	Taste this.	Taste
1412	tonight	сьогодні ввечері	What are you doing tonight?	tonight
1413	fashion	мода	She works in fashion.	fashion
1414	danger	небезпека	You are in danger.	danger
1415	bomb	бомба	The bomb didn't explode.	bomb
1416	army	армія	He served in the army.	army
1417	dangerous	небезпечний	It's dangerous.	dangerous
1418	decrease	зменшуватися; зменшення	Sales decrease in summer.	decrease
1419	hurt	боліти, ранити	My back hurts.	hurts
1420	council	рада	The city council met today.	council
1421	editor	редактор	She is an editor.	editor
1422	normally	зазвичай	Normally, I start at nine.	Normally
1423	sight	зір, вид, пам'ятка	I love the sight of the sea.	sight
1424	generate	генерувати	We need to generate more leads.	generate
1425	gift	подарунок	This is a gift for you.	gift
1426	delivery	доставка	Delivery is free.	Delivery
1427	deny	заперечувати	He will deny everything.	deny
1428	guest	гість	You are my guest.	guest
1429	anybody	будь-хто	Is anybody here?	anybody
1430	bedroom	спальня	My bedroom is small.	bedroom
1431	quote	цитата; цитувати; розцінка	Can you send me a quote?	quote
1432	climb	лізти, підніматися	Let's climb the hill.	climb
1433	basically	по суті	Basically, it's the same.	Basically
1434	violence	насильство	Violence is never the answer.	Violence
1435	minister	міністр	The minister gave a speech.	minister
1436	mainly	головним чином	I mainly hire developers.	mainly
1437	mouth	рот	Open your mouth.	mouth
1438	noise	шум	What is that noise?	noise
1439	manner	манера, спосіб	I like his calm manner.	manner
1440	gun	рушниця, пістолет	He had a gun.	gun
1441	square	площа; квадрат	Meet me at the square.	square
1442	occasion	нагода, подія	It's a special occasion.	occasion
1443	familiar	знайомий	This name is familiar.	familiar
1444	ignore	ігнорувати	Don't ignore my messages.	ignore
1445	destroy	знищувати	The fire will destroy everything.	destroy
1446	affair	справа; роман	It's my affair.	affair
1447	civil	цивільний, громадянський	He is a civil engineer.	civil
1448	locate	знаходити, розташовувати	Can you locate the file?	locate
1449	citizen	громадянин	Every citizen can vote.	citizen
1450	temperature	температура	What is the temperature outside?	temperature
1451	gold	золото	It's made of gold.	gold
1452	domestic	внутрішній, домашній	It's a domestic flight.	domestic
1453	load	вантаж; завантажувати	The page takes long to load.	load
1454	belief	переконання, віра	It's my belief.	belief
1455	troop	військо, загін (troops — війська)	The troops came home.	troops
1456	technical	технічний	It's a technical interview.	technical
1457	remind	нагадувати	Remind me tomorrow.	Remind
1458	arrangement	домовленість, організація	We have a special arrangement.	arrangement
1459	skin	шкіра	She has dry skin.	skin
1460	prison	в'язниця	He went to prison.	prison
1461	switch	перемикач; перемикати, змінювати	I want to switch to IT.	switch
1462	acquire	здобувати, купувати	You will acquire new skills.	acquire
1463	corporate	корпоративний	We have a corporate party.	corporate
1464	fairly	досить; чесно	It's fairly easy.	fairly
1465	wood	дерево (матеріал); ліс	The table is made of wood.	wood
1466	participate	брати участь	Everyone can participate.	participate
1467	tough	важкий, жорсткий	It was a tough decision.	tough
1468	tear	рвати; сльоза	Don't tear the paper.	tear
1469	representative	представник	Talk to our representative.	representative
1470	capacity	місткість, потужність	The hall has a capacity of 200.	capacity
1471	border	кордон	We crossed the border.	border
1472	shake	трясти, потискати	Let's shake hands.	shake
1473	assessment	оцінювання	The assessment takes an hour.	assessment
1474	shoe	черевик, взуття	I lost my shoe.	shoe
1475	ought	слід, повинен (ought to)	You ought to try.	ought
1476	ad	реклама, оголошення	I saw your ad on LinkedIn.	ad
1477	fee	плата, внесок	What is the fee?	fee
1478	hall	зал, коридор	Wait in the hall.	hall
1479	regulation	правило, регулювання	Follow the safety regulations.	regulations
1480	escape	втікати; втеча	We need to escape the city.	escape
1481	studio	студія	She has a small studio.	studio
1482	proper	належний, правильний	Use the proper tool.	proper
1483	relax	розслаблятися	Relax, everything is fine.	Relax
1484	tourist	турист	Kyiv has many tourist places.	tourist
1485	component	компонент	Each component is important.	component
1486	afford	могти собі дозволити	I can't afford it.	afford
1487	lawyer	юрист	Talk to your lawyer.	lawyer
1488	suspect	підозрювати; підозрюваний	I suspect he is lying.	suspect
1489	cup	чашка	A cup of tea, please.	cup
1490	description	опис	Read the job description.	description
1491	confidence	впевненість	He speaks with confidence.	confidence
1492	industrial	промисловий	It's an industrial area.	industrial
1493	complain	скаржитися	Don't complain.	complain
1494	perspective	перспектива, точка зору	From my perspective, it's fine.	perspective
1495	error	помилка	There is an error in the code.	error
1496	arrest	арешт; заарештовувати	The police will arrest him.	arrest
1497	assess	оцінювати	We assess each candidate.	assess
1498	register	реєструватися	Register on our website.	Register
1499	asset	актив, цінність	She is a real asset to the team.	asset
1500	signal	сигнал	There is no signal here.	signal
1501	finger	палець (руки)	I cut my finger.	finger
1502	relevant	релевантний, доречний	Do you have relevant experience?	relevant
1503	explore	досліджувати	Let's explore the city.	explore
1504	leadership	лідерство, керівництво	She has strong leadership skills.	leadership
1505	commitment	відданість, зобов'язання	We need your full commitment.	commitment
1506	wake	прокидатися, будити	I wake up at seven.	wake
1507	necessarily	обов'язково (not necessarily — не обов'язково)	Not necessarily.	necessarily
1508	bright	яскравий; розумний	She is a bright student.	bright
1509	frame	рамка; каркас	I need a frame for this photo.	frame
1510	slowly	повільно	Speak slowly, please.	slowly
1511	bond	зв'язок; облігація	They have a strong bond.	bond
1512	hire	наймати	We want to hire you.	hire
1513	hole	діра	There is a hole in my sock.	hole
1514	tie	краватка; зав'язувати; нічия	I don't wear a tie.	tie
1515	internal	внутрішній	It's an internal document.	internal
1516	chain	ланцюг, мережа (магазинів)	It's a big hotel chain.	chain
1517	literature	література	I love English literature.	literature
1518	victim	жертва	He was a victim of fraud.	victim
1519	threaten	погрожувати	Don't threaten me.	threaten
1520	division	відділ, поділ	He works in the sales division.	division
1521	secure	безпечний; забезпечувати	Keep your password secure.	secure
1522	amaze	дивувати (amazing — дивовижний)	Your results amaze me.	amaze
1523	device	пристрій	Turn off your device.	device
1524	birth	народження	What is your date of birth?	birth
1525	forest	ліс	We walked in the forest.	forest
1526	label	етикетка; позначати	Read the label.	label
1527	root	корінь	The root of the problem is money.	root
1528	factory	завод, фабрика	He works at a factory.	factory
1529	expense	витрата	The company pays every expense.	expense
1530	channel	канал	Subscribe to my channel.	channel
1531	investigate	розслідувати	The police will investigate.	investigate
1532	recommendation	рекомендація	Can you write a recommendation for me?	recommendation
1533	rank	ранг, звання; посідати місце	What is your rank?	rank
1534	typical	типовий	It's a typical day.	typical
1535	west	захід (сторона світу)	Lviv is in the west.	west
1536	friendly	дружній, привітний	The team is very friendly.	friendly
1537	resident	мешканець	I'm a Kyiv resident.	resident
1538	provision	надання, забезпечення; положення	The contract has a provision about this.	provision
1539	concentrate	зосереджуватися	I can't concentrate.	concentrate
1540	plenty	багато, достатньо	We have plenty of time.	plenty
1541	export	експорт; експортувати	Grain is our main export.	export
1542	entirely	повністю	It's entirely your choice.	entirely
1543	strongly	сильно, рішуче	I strongly recommend it.	strongly
1544	bridge	міст	Cross the bridge.	bridge
1545	consist	складатися	The team will consist of five people.	consist
1546	graduate	випускник; закінчувати (навчання)	I will graduate next year.	graduate
1547	brand	бренд	We are a well-known brand.	brand
1548	moral	моральний; мораль	It's a moral question.	moral
1549	insist	наполягати	I insist!	insist
1550	combination	поєднання	It's a good combination.	combination
1551	abuse	зловживання, насильство	It's an abuse of power.	abuse
1552	ice	лід	Can I have some ice?	ice
1553	principal	головний; директор школи	The principal called my parents.	principal
1554	master	майстер; оволодівати	I want to master English.	master
1555	definitely	безперечно	I will definitely come.	definitely
1556	session	сесія, заняття	The next session starts at two.	session
1557	grade	оцінка, клас	What grade did you get?	grade
1558	nevertheless	тим не менш	It was hard. Nevertheless, we did it.	Nevertheless
1559	predict	передбачати	Nobody can predict the future.	predict
1560	previously	раніше	I previously worked at a bank.	previously
1561	protection	захист	We need better protection.	protection
1562	largely	значною мірою	It's largely my fault.	largely
1563	wed	одружуватися	They will wed in June.	wed
1564	rent	оренда; орендувати	I rent a flat.	rent
1565	shot	постріл; знімок; спроба	Give it a shot.	shot
1566	appearance	зовнішність, поява	Appearance is not important.	Appearance
1567	reasonable	розумний, помірний	The price is reasonable.	reasonable
1568	guarantee	гарантія; гарантувати	I can't guarantee it.	guarantee
1569	till	до (часу)	Wait till tomorrow.	till
1570	theme	тема	What is the theme of the party?	theme
1571	judgment	судження, рішення	I trust your judgment.	judgment
1572	odd	дивний; непарний	That's odd.	odd
1573	approve	схвалювати, затверджувати	The boss will approve it.	approve
1574	loan	позика, кредит	I took a loan.	loan
1575	definition	визначення	What is the definition of this word?	definition
1576	elect	обирати (голосуванням)	We will elect a new mayor.	elect
1577	atmosphere	атмосфера	The atmosphere is great here.	atmosphere
1578	farmer	фермер	My grandfather is a farmer.	farmer
1579	comparison	порівняння	Make a comparison.	comparison
1580	characteristic	характеристика, риса; характерний	It's a typical characteristic.	characteristic
1581	license	ліцензія, права	Do you have a driver's license?	license
1582	rely	покладатися	You can rely on me.	rely
1583	narrow	вузький	The street is narrow.	narrow
1584	succeed	досягати успіху	I want to succeed.	succeed
1585	identity	особистість, ідентичність	Show your identity card.	identity
1586	desk	письмовий стіл	My desk is by the window.	desk
1587	permit	дозвіл; дозволяти	You need a work permit.	permit
1588	seriously	серйозно	Seriously?	Seriously
1589	wild	дикий	It's a wild animal.	wild
1590	empty	порожній	The room is empty.	empty
1591	commission	комісія	The bank takes a commission.	commission
1592	unique	унікальний	Every person is unique.	unique
1593	association	асоціація	He is a member of the association.	association
1594	instrument	інструмент (музичний)	Do you play an instrument?	instrument
1595	investor	інвестор	We found an investor.	investor
1596	practical	практичний	I need practical advice.	practical
1597	tea	чай	Tea or coffee?	Tea
1598	lovely	чудовий, милий	What a lovely day!	lovely
1599	soft	м'який	The bed is soft.	soft
1600	row	ряд; сваритися	Sit in the first row.	row
1601	youth	молодість, молодь	In my youth, I played football.	youth
1602	lock	замок; замикати	Lock the door.	Lock
1603	fuel	паливо	We need more fuel.	fuel
1604	expectation	очікування	What are your salary expectations?	expectations
1605	employment	працевлаштування, зайнятість	Employment is growing.	Employment
1606	celebrate	святкувати	Let's celebrate!	celebrate
1607	sexual	сексуальний, статевий	Sexual harassment is not allowed.	Sexual
1608	shoulder	плече	My shoulder hurts.	shoulder
1609	breath	подих	Take a deep breath.	breath
1610	increasingly	все більше	It's increasingly popular.	increasingly
1611	import	імпорт; імпортувати	We import coffee.	import
1612	bottle	пляшка	A bottle of water, please.	bottle
1613	ourselves	самі, себе (ми)	We did it ourselves.	ourselves
1614	sheet	аркуш; простирадло	Take a sheet of paper.	sheet
1615	engine	двигун	The engine is broken.	engine
1616	cast	акторський склад; кидати	The cast of the film is great.	cast
1617	notion	поняття, уявлення	That's a strange notion.	notion
1618	conservative	консервативний	He is very conservative.	conservative
1619	journey	подорож	Have a good journey!	journey
1620	opposition	опозиція, протидія	There is strong opposition.	opposition
1621	relief	полегшення	What a relief!	relief
1622	debt	борг	I have no debt.	debt
1623	honor	честь; шанувати	It's an honor to meet you.	honor
1624	outcome	результат	What was the outcome?	outcome
1625	blame	звинувачувати; вина	Don't blame me.	blame
1626	explanation	пояснення	I need an explanation.	explanation
1627	arise	виникати	Problems may arise.	arise
1628	musical	музичний; мюзикл	She is very musical.	musical
1629	recover	одужувати, відновлюватися	I need time to recover.	recover
1630	dad	тато	My dad is a driver.	dad
1631	stretch	розтягувати(ся)	Stretch your legs.	Stretch
1632	declare	оголошувати, декларувати	Do you have anything to declare?	declare
1633	retire	виходити на пенсію	My dad will retire next year.	retire
1634	tiny	крихітний	It's a tiny room.	tiny
1635	careful	обережний	Be careful!	careful
1636	suitable	придатний, відповідний	He is a suitable candidate.	suitable
1637	native	рідний; корінний	He is a native speaker.	native
1638	fruit	фрукт	Eat more fruit.	fruit
1639	analyze	аналізувати	Let's analyze the data.	analyze
1640	witness	свідок; бути свідком	He was a witness.	witness
1641	mail	пошта	Check your mail.	mail
1642	terrible	жахливий	The weather is terrible.	terrible
1643	researcher	дослідник	She is a researcher.	researcher
1644	ordinary	звичайний	It was an ordinary day.	ordinary
1645	selection	вибір, відбір	The selection process is long.	selection
1646	anywhere	будь-де	You can sit anywhere.	anywhere
1647	mental	психічний, розумовий	Mental health is important.	Mental
1648	participant	учасник	Each participant gets a gift.	participant
1649	vision	бачення, зір	What is your vision?	vision
1650	personality	особистість, характер	She has a strong personality.	personality
1651	specifically	конкретно, спеціально	I came here specifically to see you.	specifically
1652	fat	жир; товстий	This food has a lot of fat.	fat
1653	entry	вхід, запис	There is no entry.	entry
1654	fellow	товариш, колега	He is a fellow student.	fellow
1655	chemical	хімічний; хімікат	It's a chemical plant.	chemical
1656	capture	захоплювати, фіксувати	Capture the moment.	Capture
1657	tip	порада; чайові	Here is a tip: be yourself.	tip
1658	discount	знижка	Can I get a discount?	discount
1659	peak	пік, вершина	It's the peak season.	peak
1660	chairman	голова (правління)	He is the chairman of the board.	chairman
1661	proportion	пропорція, частка	A large proportion of staff work remotely.	proportion
1662	ear	вухо	My ear hurts.	ear
1663	disappear	зникати	Don't disappear!	disappear
1664	shout	кричати	Don't shout.	shout
1665	yard	двір; ярд	The kids play in the yard.	yard
1666	constant	постійний	It's a constant problem.	constant
1667	significantly	значно	Prices went up significantly.	significantly
1668	hill	пагорб	The house is on a hill.	hill
1669	considerable	значний	It takes considerable time.	considerable
1670	instruction	інструкція	Read the instructions first.	instructions
1671	intelligence	інтелект; розвідка	He has high intelligence.	intelligence
1672	ideal	ідеальний; ідеал	It's an ideal place.	ideal
1673	folk	народний; люди (розм.)	I like folk music.	folk
1674	surely	напевно, звичайно	Surely you know him.	Surely
1675	guard	охоронець; охороняти	The guard didn't let me in.	guard
1676	cat	кіт	I have a cat.	cat
1677	somewhat	дещо, трохи	It's somewhat difficult.	somewhat
1678	kiss	поцілунок; цілувати	Give me a kiss.	kiss
1679	presentation	презентація	I have a presentation today.	presentation
1680	joint	спільний; суглоб	It's a joint project.	joint
1681	compete	змагатися, конкурувати	We compete with big companies.	compete
1682	poll	опитування	The poll shows he will win.	poll
1683	weak	слабкий	My English is weak.	weak
1684	faith	віра	Have faith.	faith
1685	reduction	скорочення	We need a cost reduction.	reduction
1686	reserve	резерв; бронювати	I want to reserve a table.	reserve
1687	complaint	скарга	We got a complaint.	complaint
1688	bore	набридати (bored — нудьгуючий, boring — нудний)	Don't bore me with details.	bore
1689	mission	місія	What is our mission?	mission
1690	somehow	якось	Somehow he did it.	Somehow
1691	tone	тон	Don't use that tone.	tone
1692	neighborhood	район, околиця	It's a nice neighborhood.	neighborhood
1693	passenger	пасажир	Every passenger needs a ticket.	passenger
1694	justice	справедливість, правосуддя	We want justice.	justice
1695	phase	фаза, етап	It's the first phase.	phase
1696	thin	тонкий, худий	He is very thin.	thin
1697	rush	поспішати; поспіх	Don't rush.	rush
1698	formal	офіційний, формальний	It's a formal meeting.	formal
1699	religion	релігія	Religion is a personal thing.	Religion
1700	employer	роботодавець	He is a good employer.	employer
1701	reject	відхиляти	They will reject my application.	reject
1702	latter	останній (з двох)	The latter option is better.	latter
1703	plate	тарілка	Put it on the plate.	plate
1704	ban	заборона; забороняти	They want to ban smoking.	ban
1705	steal	красти	Don't steal.	steal
1706	protest	протест; протестувати	There was a protest.	protest
1707	index	індекс, покажчик	Check the index at the end of the book.	index
1708	sad	сумний	Why are you sad?	sad
1709	frequently	часто	I frequently travel.	frequently
1710	circle	коло	Sit in a circle.	circle
1711	helpful	корисний, готовий допомогти	You were very helpful.	helpful
1712	command	команда, наказ; командувати	He gave a command.	command
1713	attractive	привабливий	It's an attractive offer.	attractive
1714	sick	хворий	I'm sick today.	sick
1715	impression	враження	He made a good impression.	impression
1716	unable	нездатний (be unable to — не могти)	I'm unable to come.	unable
1717	joke	жарт; жартувати	Tell me a joke.	joke
1718	sky	небо	The sky is clear.	sky
1719	column	колонка, стовпець	Add a new column.	column
1720	electronic	електронний	It's an electronic signature.	electronic
1721	impose	накладати, нав'язувати	They will impose new taxes.	impose
1722	criminal	злочинець; кримінальний	He is a criminal.	criminal
1723	besides	крім того; крім	Besides, it's too late.	Besides
1724	properly	належним чином	Do it properly.	properly
1725	ancient	стародавній	It's an ancient city.	ancient
1726	coast	узбережжя	We live on the coast.	coast
1727	ill	хворий	She is ill.	ill
1728	kick	бити ногою; удар	Kick the ball.	Kick
1729	closely	уважно, тісно	We work closely with HR.	closely
1730	multiple	численний, багато	There are multiple options.	multiple
1731	yield	давати (результат); врожай	This will yield good results.	yield
1732	via	через	Send it via email.	via
1733	legislation	законодавство	The new legislation starts in May.	legislation
1734	county	округ, графство	He lives in a small county.	county
1735	unlike	на відміну від	Unlike me, he loves sport.	Unlike
1736	mobile	мобільний	What is your mobile number?	mobile
1737	assistant	помічник	She is my assistant.	assistant
1738	implement	впроваджувати	We will implement the new system.	implement
1739	chart	діаграма, графік	Look at this chart.	chart
1740	attach	прикріплювати	Please attach your CV.	attach
1741	hell	пекло	It was hell.	hell
1742	everywhere	всюди	I looked everywhere.	everywhere
1743	advise	радити	What do you advise?	advise
1744	household	домогосподарство	It's a household item.	household
1745	acknowledge	визнавати, підтверджувати (отримання)	Please acknowledge receipt.	acknowledge
1746	reward	винагорода; винагороджувати	Hard work gets a reward.	reward
1747	east	схід	The sun rises in the east.	east
1748	hat	капелюх, шапка	Wear a hat.	hat
1749	academic	академічний	It's an academic question.	academic
1750	voter	виборець	Every voter is important.	voter
1751	meanwhile	тим часом	Meanwhile, I'll prepare the documents.	Meanwhile
1752	furthermore	більше того	Furthermore, the job is remote.	Furthermore
1753	accuse	звинувачувати	Don't accuse me.	accuse
1754	scientific	науковий	It's a scientific fact.	scientific
1755	wage	заробітна плата (робітника), оплата праці	The minimum wage is going up.	wage
1756	absence	відсутність	Sorry for my absence.	absence
1757	construct	будувати, конструювати	They will construct a new bridge.	construct
1758	remark	зауваження; зауважувати	That was a rude remark.	remark
1759	medicine	ліки; медицина	Take your medicine.	medicine
1760	professor	професор	He is a professor at the university.	professor
1761	rare	рідкісний	It's a rare skill.	rare
1762	intention	намір	I have no intention of leaving.	intention
1763	dozen	дюжина	I bought a dozen eggs.	dozen
1764	settlement	поселення; врегулювання	They reached a settlement.	settlement
1765	gap	розрив, прогалина	There is a gap in my CV.	gap
1766	widely	широко	English is widely used.	widely
1767	minimum	мінімум; мінімальний	The minimum salary is low.	minimum
1768	northern	північний	It's in the northern part of the city.	northern
1769	estate	маєток, нерухомість (real estate)	He works in real estate.	estate
1770	equally	однаково	We share the work equally.	equally
1771	expose	викривати, піддавати	Don't expose your skin to the sun.	expose
1772	alive	живий	Is he alive?	alive
1773	shut	зачиняти	Shut the door.	Shut
1774	victory	перемога	Victory will be ours.	Victory
1775	resolve	вирішувати (проблему)	We need to resolve this issue.	resolve
1776	critic	критик	He is a film critic.	critic
1777	variable	змінна; мінливий	The salary has a variable part.	variable
1778	enormous	величезний	It's an enormous building.	enormous
1779	sweet	солодкий; милий	This cake is too sweet.	sweet
1780	permanent	постійний	Is it a permanent job?	permanent
1781	emotion	емоція	Don't hide your emotions.	emotions
1782	pursue	переслідувати, прагнути	I want to pursue a career in HR.	pursue
1783	tall	високий (про людину, будівлю)	He is very tall.	tall
1784	urge	закликати; спонукання	I urge you to try.	urge
1785	enemy	ворог	He is my enemy.	enemy
1786	appoint	призначати	They will appoint a new director.	appoint
1787	milk	молоко	Coffee with milk, please.	milk
1788	talent	талант	We are looking for talent.	talent
1789	smell	запах; пахнути, нюхати	What is that smell?	smell
1790	prior	попередній (prior to — до)	Call me prior to the meeting.	prior
1791	priority	пріоритет	Safety is our priority.	priority
1792	online	онлайн	I work online.	online
1793	phrase	фраза	Learn this phrase.	phrase
1794	pilot	пілот; пілотний	He is a pilot.	pilot
1795	stable	стабільний	It's a stable company.	stable
1796	merely	лише, просто	It's merely a question of time.	merely
1797	resolution	рішення, роздільна здатність	What is the screen resolution?	resolution
1798	communicate	спілкуватися	We communicate in English.	communicate
1799	injury	травма	He has a knee injury.	injury
1800	vast	величезний	He has vast experience.	vast
1801	exhibition	виставка	Let's go to the exhibition.	exhibition
1802	producer	продюсер, виробник	He is a music producer.	producer
1803	regional	регіональний	He is the regional manager.	regional
1804	immediate	негайний, безпосередній	I need an immediate answer.	immediate
1805	incident	інцидент	There was an incident at work.	incident
1806	childhood	дитинство	I had a happy childhood.	childhood
1807	draft	чернетка; складати проєкт	Send me the draft.	draft
1808	slip	посковзнутися; папірець	Don't slip on the ice.	slip
1809	accompany	супроводжувати	I will accompany you.	accompany
1810	politician	політик	He is a famous politician.	politician
1811	angry	сердитий	Why are you angry?	angry
1812	knock	стукати	Knock on the door.	Knock
1813	seed	насіння	Plant the seed.	seed
1814	salary	зарплата	What is your expected salary?	salary
1815	illustrate	ілюструвати	Let me illustrate with an example.	illustrate
1816	imply	натякати, мати на увазі	What are you implying?	implying
1817	breakfast	сніданок	I skip breakfast.	breakfast
1818	temporary	тимчасовий	It's a temporary job.	temporary
1819	liberal	ліберальний	He has liberal views.	liberal
1820	lake	озеро	Let's swim in the lake.	lake
1821	qualify	мати право, кваліфікуватися	Do I qualify for a bonus?	qualify
1822	competitive	конкурентний	We offer a competitive salary.	competitive
1823	truly	справді, щиро	I'm truly sorry.	truly
1824	hi	привіт	Hi, how are you?	Hi
1825	yellow	жовтий	I like yellow flowers.	yellow
1826	habit	звичка	It's a bad habit.	habit
1827	disk	диск	The disk is full.	disk
1828	core	ядро, основа; основний	What are your core values?	core
1829	emotional	емоційний	It was an emotional day.	emotional
1830	aircraft	літак, повітряне судно	The aircraft landed safely.	aircraft
1831	self	я, особистість (self-confidence — впевненість у собі)	Just be your true self.	self
1832	metal	метал	It's made of metal.	metal
1833	existence	існування	I didn't know of its existence.	existence
1834	bone	кістка	He broke a bone.	bone
1835	panel	панель, комісія	The panel will interview you.	panel
1836	prime	головний, основний; (prime minister — прем'єр-міністр)	The prime minister gave a speech.	prime
1837	appointment	зустріч (запланована), призначення	I have a doctor's appointment.	appointment
1838	emphasize	наголошувати	I want to emphasize this point.	emphasize
1839	maximum	максимум	The maximum is 100.	maximum
1840	effectively	ефективно	Use your time effectively.	effectively
1841	elsewhere	деінде	Look elsewhere.	elsewhere
1842	bother	турбувати, заважати	Sorry to bother you.	bother
1843	initiative	ініціатива	Take the initiative.	initiative
1844	sharp	гострий; рівно (про час)	Be here at nine sharp.	sharp
1845	diet	дієта, раціон	I'm on a diet.	diet
1846	motion	рух	The motion of the car made me sick.	motion
1847	gray	сірий	The sky is gray.	gray
1848	plastic	пластик	Don't use plastic bags.	plastic
1849	complicate	ускладнювати (complicated — складний)	Don't complicate things.	complicate
1850	discipline	дисципліна	You need discipline.	discipline
1851	disappoint	розчаровувати	I don't want to disappoint you.	disappoint
1852	boss	бос, начальник	My boss is on vacation.	boss
1853	assumption	припущення	That's a wrong assumption.	assumption
1854	freeze	замерзати, заморожувати	The water will freeze tonight.	freeze
1855	extreme	екстремальний, крайній	It's an extreme case.	extreme
1856	passage	уривок, прохід	Read this passage.	passage
1857	reputation	репутація	The company has a good reputation.	reputation
1858	forth	вперед (back and forth — туди-сюди)	He walked back and forth.	forth
1859	negotiation	переговори	The negotiation was hard.	negotiation
1860	mechanism	механізм	How does the mechanism work?	mechanism
1861	coat	пальто	Take your coat.	coat
1862	democracy	демократія	Democracy is important.	Democracy
1863	pocket	кишеня	It's in my pocket.	pocket
1864	lucky	щасливий, везучий	You are lucky!	lucky
1865	crash	аварія; розбиватися, "падати" (про програму)	The app will crash again.	crash
1866	observation	спостереження	Thanks for your observation.	observation
1867	meat	м'ясо	I don't eat meat.	meat
1868	concentration	концентрація	It requires concentration.	concentration
1869	implication	наслідок, підтекст	What is the implication?	implication
1870	deserve	заслуговувати	You deserve it.	deserve
1871	unusual	незвичайний	It's unusual.	unusual
1872	defend	захищати	We defend our country.	defend
1873	classic	класичний; класика	It's a classic film.	classic
1874	king	король	The king is dead.	king
1875	interaction	взаємодія	Every interaction matters.	interaction
1876	repair	ремонт; ремонтувати	I need to repair my car.	repair
1877	collapse	обвал; обвалюватися	The building may collapse.	collapse
1878	borrow	позичати (у когось)	Can I borrow your pen?	borrow
1879	fundamental	фундаментальний	It's a fundamental change.	fundamental
1880	dish	страва; тарілка	What is your favorite dish?	dish
1881	abroad	за кордоном	I want to work abroad.	abroad
1882	soul	душа	Music is food for the soul.	soul
1883	capable	здатний	He is capable of more.	capable
1884	defeat	поразка; перемагати	We will not accept defeat.	defeat
1885	presidential	президентський	The presidential election is soon.	presidential
1886	perfectly	ідеально	You did it perfectly.	perfectly
1887	enhance	покращувати	This will enhance your CV.	enhance
1888	proud	гордий	I'm proud of you.	proud
1889	emergency	надзвичайна ситуація	In an emergency, call 112.	emergency
1890	educational	освітній	It's an educational program.	educational
1891	distinguish	розрізняти	Can you distinguish them?	distinguish
1892	substantial	суттєвий	It's a substantial increase.	substantial
1893	nearby	поблизу	Is there a pharmacy nearby?	nearby
1894	manufacturer	виробник	He is a car manufacturer.	manufacturer
1895	slide	слайд; ковзати	Next slide, please.	slide
1896	valuable	цінний	It's valuable experience.	valuable
1897	personally	особисто	Personally, I disagree.	Personally
1898	breast	груди	Chicken breast is healthy.	breast
1899	cope	впоратися	How do you cope with stress?	cope
1900	approximately	приблизно	It takes approximately an hour.	approximately
1901	accommodation	житло	The company provides accommodation.	accommodation
1902	highlight	виділяти; найяскравіший момент	Highlight the key points.	Highlight
1903	reporter	репортер	She is a TV reporter.	reporter
1904	climate	клімат	The climate is changing.	climate
1905	shirt	сорочка	I need a new shirt.	shirt
1906	exception	виняток	There is no exception.	exception
1907	corporation	корпорація	He works for a big corporation.	corporation
1908	chip	чип; скибочка (chips — чипси)	The new chip is very fast.	chip
1909	winner	переможець	And the winner is...	winner
1910	encounter	зустрічати, стикатися; зустріч	We may encounter problems.	encounter
1911	brown	коричневий	She has brown eyes.	brown
1912	breathe	дихати	Breathe slowly.	Breathe
1913	excuse	виправдання; вибачати	Excuse me.	Excuse
1914	partly	частково	It's partly true.	partly
1915	tennis	теніс	Do you play tennis?	tennis
1916	urban	міський	It's an urban area.	urban
1917	confuse	плутати, збивати з пантелику	Don't confuse me.	confuse
1918	southern	південний	The southern part is warm.	southern
1919	output	результат, продукція	The output is good.	output
1920	beauty	краса	What a beauty!	beauty
1921	massive	масивний, величезний	It's a massive project.	massive
1922	install	встановлювати	Install the app.	Install
1923	calculate	обчислювати	Calculate the cost.	Calculate
1924	mouse	миша	My mouse is broken.	mouse
1925	mathematics	математика	I was good at mathematics.	mathematics
1926	upper	верхній	It's on the upper floor.	upper
1927	creation	створення	The creation of the app took a year.	creation
1928	occupy	займати, окупувати	This seat is occupied.	occupied
1929	outline	план, схема; окреслювати	Give me a short outline.	outline
1930	sufficient	достатній	It's sufficient.	sufficient
1931	update	оновлення; оновлювати	Update the app.	Update
1932	luck	удача	Good luck!	luck
1933	preserve	зберігати	We need to preserve nature.	preserve
1934	split	розділяти	Let's split the bill.	split
1935	swing	гойдатися; гойдалка	The kids swing in the park.	swing
1936	illness	хвороба	He missed work due to illness.	illness
1937	journalist	журналіст	She is a journalist.	journalist
1938	sudden	раптовий	It was a sudden change.	sudden
1939	advertisement	реклама	I saw the advertisement.	advertisement
1940	consistent	послідовний, стабільний	Be consistent.	consistent
1941	originally	спочатку, родом	I'm originally from Odesa.	originally
1942	aside	вбік, окремо	Put it aside.	aside
1943	comfort	комфорт; втішати	I need some comfort.	comfort
1944	secondly	по-друге	Secondly, the salary is low.	Secondly
1945	severe	серйозний, суворий	It's a severe problem.	severe
1946	gene	ген	This gene affects eye color.	gene
1947	prospect	перспектива	The prospect of a promotion motivates me.	prospect
1948	snow	сніг	I love snow.	snow
1949	plot	сюжет; змова	The plot is interesting.	plot
1950	neck	шия	My neck hurts.	neck
1951	criterion	критерій (мн. criteria)	What is the main criterion?	criterion
1952	primarily	передусім	I primarily work with IT.	primarily
1953	integrate	інтегрувати	We need to integrate the systems.	integrate
1954	criticism	критика	He can't take criticism.	criticism
1955	convention	конференція; звичай	I'm going to a convention.	convention
1956	bet	ставка; робити ставку	I bet you're right.	bet
1957	retain	утримувати, зберігати	We need to retain our staff.	retain
1958	sequence	послідовність	Follow the sequence.	sequence
1959	plain	простий, звичайний; рівнина	Use plain English.	plain
1960	volunteer	волонтер; зголошуватися	I volunteer on weekends.	volunteer
1961	rural	сільський	It's a rural area.	rural
1962	calm	спокійний; заспокоюватися	Stay calm.	calm
1963	abandon	кидати, залишати	Don't abandon the project.	abandon
1964	examination	огляд, іспит	The examination took an hour.	examination
1965	silence	тиша	There was silence.	silence
1966	rapidly	швидко	Prices grow rapidly.	rapidly
1967	efficient	ефективний	It's an efficient system.	efficient
1968	revolution	революція	It was a real revolution.	revolution
1969	delight	захват; радувати	The news will delight you.	delight
1970	spell	писати по літерах; заклинання	How do you spell your name?	spell
1971	premise	припущення; приміщення (premises)	The premise is wrong.	premise
1972	lean	спиратися, нахилятися; худий	Don't lean on the wall.	lean
1973	dramatic	драматичний, різкий	It's a dramatic change.	dramatic
1974	differ	відрізнятися	Our views differ.	differ
1975	grateful	вдячний	I'm grateful for your help.	grateful
1976	protein	білок	Eggs have a lot of protein.	protein
1977	bike	велосипед	I ride a bike.	bike
1978	distribute	розподіляти	Distribute the tasks.	Distribute
1979	intellectual	інтелектуальний	It's an intellectual game.	intellectual
1980	derive	отримувати, походити	We derive pleasure from work.	derive
1981	crucial	вирішальний	It's crucial for us.	crucial
1982	unemployment	безробіття	Unemployment is high.	Unemployment
1983	wheel	колесо	Change the wheel.	wheel
1984	crop	урожай, культура	The crop was good this year.	crop
1985	minority	меншість	It's a minority view.	minority
1986	origin	походження	What is the origin of this word?	origin
1987	interpretation	тлумачення	It's your interpretation.	interpretation
1988	gentleman	джентльмен	He is a real gentleman.	gentleman
1989	drama	драма	I love drama films.	drama
1990	landscape	пейзаж, ландшафт	What a beautiful landscape!	landscape
1991	educate	навчати, освічувати	We educate young people.	educate
1992	toy	іграшка	The child loves this toy.	toy
1993	fault	вина, дефект	It's not my fault.	fault
1994	exhibit	експонат; виставляти	Don't touch the exhibit.	exhibit
1995	minor	незначний; неповнолітній	It's a minor problem.	minor
1996	hunt	полювати; полювання	The hunt for talent is hard.	hunt
1997	storm	шторм, буря	There is a storm coming.	storm
1998	thick	товстий, густий	The book is very thick.	thick
1999	achievement	досягнення	What is your biggest achievement?	achievement
2000	negotiate	вести переговори	Can we negotiate the salary?	negotiate
2001	dominate	домінувати	Big companies dominate the market.	dominate
2002	supplier	постачальник	We changed our supplier.	supplier
2003	prize	приз, премія	He won the first prize.	prize
2004	typically	зазвичай, типово	Typically, the process takes two weeks.	Typically
2005	peer	ровесник, колега; вдивлятися	Ask your peer for feedback.	peer
2006	pension	пенсія	My grandma gets a small pension.	pension
2007	wing	крило	The bird hurt its wing.	wing
2008	acquisition	придбання, поглинання	The acquisition of the startup cost millions.	acquisition
2009	laughter	сміх	The room was full of laughter.	laughter
2010	deeply	глибоко	I'm deeply sorry.	deeply
2011	recognition	визнання	He got recognition for his work.	recognition
2012	electricity	електрика	There is no electricity.	electricity
2013	assistance	допомога	Do you need assistance?	assistance
2014	roof	дах	The roof is leaking.	roof
2015	retirement	пенсія (вихід на пенсію)	He is planning his retirement.	retirement
2016	respectively	відповідно	They are 20 and 25, respectively.	respectively
2017	variation	варіація, відмінність	There is some variation in prices.	variation
2018	ultimately	зрештою	Ultimately, it's your decision.	Ultimately
2019	proof	доказ	Do you have proof?	proof
2020	soil	ґрунт	The soil here is rich.	soil
2021	smart	розумний	She is very smart.	smart
2022	layer	шар	Add another layer.	layer
2023	upset	засмучений; засмучувати	Don't be upset.	upset
2024	tooth	зуб	I have a bad tooth.	tooth
2025	representation	представлення, представництво	Women need more representation in tech.	representation
2026	preparation	підготовка	Good preparation is key.	preparation
2027	dispute	суперечка; оскаржувати	We had a dispute about money.	dispute
2028	agenda	порядок денний	What is on the agenda?	agenda
2029	emphasis	наголос	Put emphasis on your skills.	emphasis
2030	edition	видання	It's the new edition of the book.	edition
2031	silver	срібло	It's made of silver.	silver
2032	entertainment	розваги	What do you do for entertainment?	entertainment
2033	honest	чесний	Be honest with me.	honest
2034	undertake	братися (за щось)	We will undertake the project.	undertake
2035	retail	роздрібна торгівля	I worked in retail.	retail
2036	wire	дріт	Don't touch the wire.	wire
2037	unlikely	малоймовірний	It's unlikely to happen.	unlikely
2038	gay	гей	He is openly gay.	gay
2039	publication	публікація	The publication date is May 1.	publication
2040	slight	незначний	There is a slight problem.	slight
2041	unknown	невідомий	The cause is unknown.	unknown
2042	framework	структура, фреймворк	We use a new framework.	framework
2043	zone	зона	It's a no-parking zone.	zone
2044	restrict	обмежувати	They restrict access to the data.	restrict
2045	trace	слід; простежувати	There is no trace of him.	trace
2046	inch	дюйм	It's a 15-inch laptop.	inch
2047	equivalent	еквівалент; рівноцінний	What is the equivalent in dollars?	equivalent
2048	solid	твердий, надійний	He has solid experience.	solid
2049	enterprise	підприємство	It's a large enterprise.	enterprise
2050	elderly	літній	My elderly neighbor lives alone.	elderly
2051	owe	бути винним	How much do I owe you?	owe
2052	governor	губернатор	The governor visited our city.	governor
2053	uniform	форма (одяг); однаковий	Soldiers wear a uniform.	uniform
2054	port	порт	The ship is in the port.	port
2055	pitch	поле (футбольне); презентація ідеї	He made a great sales pitch.	pitch
2056	arrival	прибуття	What is the arrival time?	arrival
2057	contemporary	сучасний	I like contemporary art.	contemporary
2058	gate	ворота, вихід (в аеропорту)	Go to gate 5.	gate
2059	ease	легкість; полегшувати	He did it with ease.	ease
2060	beer	пиво	A beer, please.	beer
2061	specialist	спеціаліст	I'm a recruitment specialist.	specialist
2062	assure	запевняти	I assure you it's safe.	assure
2063	profile	профіль	Update your LinkedIn profile.	profile
2064	mood	настрій	I'm in a good mood.	mood
2065	episode	епізод, серія	I watched the last episode.	episode
2066	crack	тріщина; тріскати	There is a crack in the wall.	crack
2067	numerous	численний	We had numerous problems.	numerous
2068	submit	подавати (документи)	Submit your application by Friday.	Submit
2069	symptom	симптом	What is the main symptom?	symptom
2070	virtually	фактично, практично	It's virtually impossible.	virtually
2071	era	епоха	It's a new era.	era
2072	coverage	покриття, висвітлення	The insurance coverage is good.	coverage
2073	tension	напруга	There is tension in the team.	tension
2074	cable	кабель	Where is the cable?	cable
2075	sensitive	чутливий	It's a sensitive topic.	sensitive
2076	nervous	знервований	I'm nervous before the interview.	nervous
2077	input	внесок, вхідні дані	Thanks for your input.	input
2078	isolate	ізолювати	We need to isolate the problem.	isolate
2079	prisoner	в'язень	He was a prisoner of war.	prisoner
2080	eliminate	усувати	We must eliminate errors.	eliminate
2081	tight	тугий, щільний	We have a tight deadline.	tight
2082	wet	мокрий	My shoes are wet.	wet
2083	secondary	вторинний, середній (освіта)	It's a secondary issue.	secondary
2084	welfare	добробут, соцзабезпечення	We care about employee welfare.	welfare
2085	recruit	наймати, рекрутити	We recruit IT specialists.	recruit
2086	exclude	виключати	Don't exclude anyone.	exclude
2087	string	нитка, мотузка; рядок	Tie it with a string.	string
2088	cloud	хмара	There is not a cloud in the sky.	cloud
2089	persuade	переконувати	I will persuade him.	persuade
2090	inspire	надихати	You inspire me.	inspire
2091	grand	величний, грандіозний	It was a grand opening.	grand
2092	hence	отже, звідси	Hence, the high price.	Hence
2093	crew	екіпаж, команда	The crew was friendly.	crew
2094	phenomenon	явище	It's a new phenomenon.	phenomenon
2095	pupil	учень	He is a good pupil.	pupil
2096	false	хибний	It's false information.	false
2097	assist	допомагати	Can I assist you?	assist
2098	restore	відновлювати	We will restore the data.	restore
2099	formula	формула	What is the formula?	formula
2100	alter	змінювати	We need to alter the plan.	alter
2101	perceive	сприймати	How do you perceive this?	perceive
2102	routine	розпорядок, рутина	What is your daily routine?	routine
2103	sink	раковина; тонути	Put the dishes in the sink.	sink
2104	stare	пильно дивитися	Don't stare at me.	stare
2105	anymore	більше не	I don't work there anymore.	anymore
2106	hero	герой	He is my hero.	hero
2107	supporter	прихильник	He is a strong supporter of the idea.	supporter
2108	convert	конвертувати, перетворювати	Convert the file to PDF.	Convert
2109	steady	стабільний, рівномірний	We see steady growth.	steady
2110	meter	метр; лічильник	The shelf is one meter long.	meter
2111	truck	вантажівка	He drives a truck.	truck
2112	nose	ніс	My nose is cold.	nose
2113	beside	поруч з	Sit beside me.	beside
2114	sail	плисти (під вітрилом); вітрило	We will sail tomorrow.	sail
2115	disaster	катастрофа	It was a disaster.	disaster
2116	pace	темп	Work at your own pace.	pace
2117	heavily	сильно, важко	It rained heavily.	heavily
2118	devote	присвячувати	I devote my time to my family.	devote
2119	terrorist	терорист	It was a terrorist attack.	terrorist
2120	justify	виправдовувати, обґрунтовувати	Can you justify the cost?	justify
2121	vital	життєво важливий	It's vital for us.	vital
2122	fascinate	захоплювати (fascinating — захопливий)	Space will always fascinate me.	fascinate
2123	external	зовнішній	We hired an external consultant.	external
2124	spare	запасний, вільний	What do you do in your spare time?	spare
2125	whenever	коли б не, щоразу коли	Call me whenever you want.	whenever
2126	depression	депресія	Depression is a serious illness.	Depression
2127	guilty	винний	I feel guilty.	guilty
2128	underlie	лежати в основі (underlying — основний)	What problems underlie this?	underlie
2129	mom	мама	My mom is calling.	mom
2130	distinction	відмінність	There is a clear distinction.	distinction
2131	satisfaction	задоволення	Customer satisfaction is important.	satisfaction
2132	incorporate	включати, об'єднувати	We will incorporate your ideas.	incorporate
2133	pour	наливати, лити	Pour me some tea.	Pour
2134	sweep	підмітати	Sweep the floor.	Sweep
2135	obligation	зобов'язання	You have no obligation.	obligation
2136	sir	сер, пане	Yes, sir.	sir
2137	evaluate	оцінювати	We evaluate your skills.	evaluate
2138	anger	гнів	He can't control his anger.	anger
2139	pub	паб	Let's go to the pub.	pub
2140	perception	сприйняття	Perception is important.	Perception
2141	naturally	природно, звісно	Naturally, I agreed.	Naturally
2142	currency	валюта	What currency do you use?	currency
2143	database	база даних	Add him to the database.	database
2144	initially	спочатку	Initially, I didn't like it.	Initially
2145	territory	територія	It's our territory.	territory
2146	stream	потік, струмок; транслювати	We will stream the event online.	stream
2147	rarely	рідко	I rarely watch TV.	rarely
2148	height	висота, зріст	What is your height?	height
2149	apparent	очевидний	For no apparent reason.	apparent
2150	western	західний	It's a western company.	western
2151	expansion	розширення	The company plans an expansion.	expansion
2152	constantly	постійно	He is constantly late.	constantly
2153	muscle	м'яз	I pulled a muscle.	muscle
2154	scare	лякати	Don't scare me.	scare
2155	badly	погано, сильно	I badly need a vacation.	badly
2156	everyday	повсякденний	It's an everyday thing.	everyday
2157	boundary	межа, кордон	The river is the boundary between the towns.	boundary
2158	ratio	співвідношення	The ratio is 2 to 1.	ratio
2159	essay	есе, твір	Write an essay.	essay
2160	scream	кричати; крик	Don't scream.	scream
2161	withdraw	знімати (гроші), відкликати	I need to withdraw money.	withdraw
2162	pollution	забруднення	Air pollution is a problem.	pollution
2163	disorder	розлад, безлад	It's a sleep disorder.	disorder
2164	furniture	меблі	We need new furniture.	furniture
2165	symbol	символ	It's a symbol of peace.	symbol
2166	apartment	квартира	I live in an apartment.	apartment
2167	demonstration	демонстрація	Let me give a demonstration.	demonstration
2168	analyst	аналітик	She is a business analyst.	analyst
2169	platform	платформа	We use a new platform.	platform
2170	steel	сталь	It's made of steel.	steel
2171	cake	торт	I made a cake.	cake
2172	transform	перетворювати	We want to transform the business.	transform
2173	wound	рана; поранити	The wound is healing.	wound
2174	restriction	обмеження	There is no age restriction.	restriction
2175	foundation	фундамент, фонд	It's a charity foundation.	foundation
2176	designer	дизайнер	She is a UX designer.	designer
2177	strain	напруження; перенапружувати	The work puts a strain on me.	strain
2178	innovation	інновація	We love innovation.	innovation
2179	album	альбом	Their new album is great.	album
2180	singer	співак	She is a famous singer.	singer
2181	trail	стежка; слід	We walked the trail.	trail
2182	trap	пастка	It's a trap!	trap
2183	loose	вільний, нещільний	The shirt is loose.	loose
2184	extension	продовження, розширення	Can I get an extension?	extension
2185	wealth	багатство	Health is wealth.	wealth
2186	gradually	поступово	Gradually, things improved.	Gradually
2187	tank	танк; бак	Fill the tank.	tank
2188	evil	зло; злий	He is not evil.	evil
2189	remarkable	видатний	It's a remarkable result.	remarkable
2190	tune	мелодія; налаштовувати	Stay tuned.	tuned
2191	grass	трава	Don't walk on the grass.	grass
2192	invitation	запрошення	Thanks for the invitation.	invitation
2193	transition	перехід	The transition was smooth.	transition
2194	frighten	лякати	Don't frighten the kids.	frighten
2195	bid	пропозиція (ціни), ставка; пропонувати ціну	We made a bid.	bid
2196	breed	порода; розводити	What breed is your dog?	breed
2197	extraordinary	надзвичайний	It was an extraordinary day.	extraordinary
2198	brilliant	блискучий, чудовий	That's a brilliant idea!	brilliant
2199	adviser	радник	He is my financial adviser.	adviser
2200	stem	стебло; походити (stem from)	The problem may stem from bad planning.	stem
2201	reverse	зворотний; розвертати	Put it in reverse order.	reverse
2202	mode	режим	Turn on dark mode.	mode
2203	mirror	дзеркало	Look in the mirror.	mirror
2204	awful	жахливий	The food was awful.	awful
2205	pose	позувати; становити (загрозу)	It may pose a risk.	pose
2206	adjust	налаштовувати, пристосовуватися	You will adjust quickly.	adjust
2207	creative	творчий, креативний	She is very creative.	creative
2208	nowadays	нині	Nowadays, everyone has a phone.	Nowadays
2209	poem	вірш	I wrote a poem.	poem
2210	agricultural	сільськогосподарський	It's an agricultural region.	agricultural
2211	competitor	конкурент	Who is our main competitor?	competitor
2212	alcohol	алкоголь	I don't drink alcohol.	alcohol
2213	festival	фестиваль	Let's go to the festival.	festival
2214	vegetable	овоч	Eat more vegetables.	vegetables
2215	van	фургон	We rented a van.	van
2216	confident	впевнений	Be confident!	confident
2217	planet	планета	Save the planet.	planet
2218	curve	крива, вигин	There is a sharp curve ahead.	curve
2219	knee	коліно	My knee hurts.	knee
2220	overcome	долати	We will overcome this.	overcome
2221	web	павутина, веб	Search the web.	web
2222	depth	глибина	What is the depth of the lake?	depth
2223	entrance	вхід	Meet me at the entrance.	entrance
2224	log	колода; журнал; входити (log in)	Log in to your account.	Log
2225	giant	гігант; величезний	It's a tech giant.	giant
2226	god	бог	Thank God!	God
2227	portion	порція, частина	A large portion of fries, please.	portion
2228	substance	речовина; суть	It's a dangerous substance.	substance
2229	extensive	великий, широкий	He has extensive experience.	extensive
2230	interpret	тлумачити, перекладати (усно)	How do you interpret this?	interpret
2231	independence	незалежність	Independence Day is in August.	Independence
2232	sugar	цукор	No sugar, please.	sugar
2233	inner	внутрішній	Find your inner peace.	inner
2234	harm	шкода; шкодити	It won't do any harm.	harm
2235	consult	консультуватися	Consult your doctor.	Consult
2236	pink	рожевий	She likes pink.	pink
2237	shadow	тінь	The tree casts a long shadow.	shadow
2238	strip	смуга; роздягатися	Cut it into a thin strip.	strip
2239	smooth	гладкий, плавний	The process was smooth.	smooth
2240	intervention	втручання	It needs intervention.	intervention
2241	impress	вражати	Try to impress the recruiter.	impress
2242	exam	іспит	I have an exam tomorrow.	exam
2243	vice	віце-; вада	He is the vice president.	vice
2244	radical	радикальний	It's a radical change.	radical
2245	similarly	аналогічно	Similarly, we can do this.	Similarly
2246	behave	поводитися	Behave yourself!	Behave
2247	loud	гучний	The music is too loud.	loud
2248	dimension	вимір	It adds a new dimension.	dimension
2249	subsequent	наступний	Subsequent meetings will be online.	Subsequent
2250	infection	інфекція	He has an infection.	infection
2251	jacket	куртка, піджак	Take your jacket.	jacket
2252	efficiency	ефективність	We need more efficiency.	efficiency
2253	dirty	брудний	My shoes are dirty.	dirty
2254	statistic	статистичний показник (statistics — статистика)	One statistic surprised me.	statistic
2255	regularly	регулярно	I exercise regularly.	regularly
2256	resort	курорт; вдаватися (до)	We stayed at a ski resort.	resort
2257	iron	залізо; праска; прасувати	I need to iron my shirt.	iron
2258	broadcast	трансляція; транслювати	They broadcast the game live.	broadcast
2259	membership	членство	How much is the gym membership?	membership
2260	bread	хліб	Buy some bread.	bread
2261	blind	сліпий	He is blind.	blind
2262	pure	чистий	It's pure gold.	pure
2263	bloody	кривавий; клятий (брит. розм.)	It was a bloody war.	bloody
2264	ally	союзник	Poland is our ally.	ally
2265	quantity	кількість	Quality over quantity.	quantity
2266	bend	згинати(ся)	Bend your knees.	Bend
2267	mature	зрілий	He is very mature.	mature
2268	briefly	коротко	Tell me briefly.	briefly
2269	alarm	тривога; будильник	Set the alarm for seven.	alarm
2270	disturb	турбувати, заважати	Do not disturb.	disturb
2271	sustain	підтримувати, витримувати	We can't sustain this pace.	sustain
2272	flood	повінь	The flood destroyed the village.	flood
2273	poverty	бідність	Many people live in poverty.	poverty
2274	crazy	божевільний	Are you crazy?	crazy
2275	cite	цитувати, посилатися	Cite your source.	Cite
2276	newly	нещодавно, щойно	It's a newly built house.	newly
2277	parallel	паралельний	We run two parallel projects.	parallel
2278	gender	гендер, стать	Gender doesn't matter.	Gender
2279	sponsor	спонсор; спонсорувати	Who will sponsor the event?	sponsor
2280	boot	черевик; завантажувати (комп.)	Restart the computer and wait for it to boot.	boot
2281	accurate	точний	The data is accurate.	accurate
2282	dealer	дилер	He is a car dealer.	dealer
2283	button	кнопка, ґудзик	Press the button.	button
2284	burden	тягар	It's a heavy burden.	burden
2285	desert	пустеля; покидати	It's hot in the desert.	desert
2286	mate	друг, приятель	He is my mate.	mate
2287	occasionally	зрідка	I occasionally eat meat.	occasionally
2288	shareholder	акціонер	He is a major shareholder.	shareholder
2289	bowl	миска	A bowl of soup, please.	bowl
2290	discovery	відкриття	It's a great discovery.	discovery
2291	resistance	опір	There is strong resistance to change.	resistance
2292	bath	ванна	Take a bath.	bath
2293	frequency	частота	What is the frequency of meetings?	frequency
2294	criticize	критикувати	Don't criticize him.	criticize
2295	tap	кран; торкатися	Tap the screen.	Tap
2296	philosophy	філософія	What is your work philosophy?	philosophy
2297	lip	губа	She bit her lip.	lip
2298	attribute	риса, атрибут; приписувати	Patience is a good attribute.	attribute
2299	apologize	вибачатися	I apologize for the delay.	apologize
2300	approval	схвалення	We need approval from the boss.	approval
2301	grab	хапати	Let's grab a coffee.	grab
2302	entitle	давати право (be entitled to)	This will entitle you to a discount.	entitle
2303	lend	позичати (комусь)	Can you lend me some money?	lend
2304	involvement	участь, залучення	Thanks for your involvement.	involvement
2305	exposure	вплив, досвід (контакту з чимось)	I have some exposure to sales.	exposure
2306	conventional	звичайний, традиційний	It's a conventional approach.	conventional
2307	digital	цифровий	We live in a digital world.	digital
2308	translate	перекладати	Can you translate this?	translate
2309	edit	редагувати	Edit the text.	Edit
2310	formation	формування	The formation of the team took time.	formation
2311	deposit	депозит, завдаток	I paid a deposit.	deposit
2312	pleasant	приємний	It was a pleasant surprise.	pleasant
2313	overseas	за кордоном, закордонний	He works overseas.	overseas
2314	advocate	прихильник, захисник; обстоювати	I advocate remote work.	advocate
2315	establishment	заклад, установа	It's a nice establishment.	establishment
2316	summary	короткий виклад	Give me a summary.	summary
2317	rough	грубий, приблизний	It's a rough estimate.	rough
2318	pen	ручка	Can I borrow a pen?	pen
2319	recovery	одужання, відновлення	I wish you a fast recovery.	recovery
2320	seal	печатка; запечатувати; тюлень	Seal the envelope.	Seal
2321	tube	трубка, тюбик; метро (Лондон)	Take the tube.	tube
2322	tower	вежа	The tower is very tall.	tower
2323	characterize	характеризувати	How would you characterize him?	characterize
2324	specify	уточнювати	Please specify the date.	specify
2325	exact	точний	What is the exact time?	exact
2326	spin	крутити(ся)	Spin the wheel.	Spin
2327	operator	оператор	Call the operator.	operator
2328	infant	немовля	The infant is sleeping.	infant
2329	dig	копати	Dig a hole.	Dig
2330	drag	тягти, перетягувати	Drag the file here.	Drag
2331	mount	монтувати; зростати; гора	Mount the TV on the wall.	Mount
2332	wrap	загортати	Wrap the gift.	Wrap
2333	anticipate	передбачати, очікувати	We anticipate some problems.	anticipate
2334	dependent	залежний	He is dependent on his parents.	dependent
2335	specialize	спеціалізуватися	We specialize in IT hiring.	specialize
2336	angle	кут	Look at it from a different angle.	angle
2337	chicken	курка	I'll have the chicken.	chicken
2338	anxiety	тривога, занепокоєння	Exams cause anxiety.	anxiety
2339	virus	вірус	My computer has a virus.	virus
2340	precisely	точно	That's precisely the point.	precisely
2341	rival	суперник	He is my main rival.	rival
2342	offense	образа; правопорушення	No offense.	offense
2343	detect	виявляти	The system can detect errors.	detect
2344	teenager	підліток	My son is a teenager.	teenager
2345	admire	захоплюватися	I admire your work.	admire
2346	moderate	помірний	The price is moderate.	moderate
2347	surgery	операція (хірургічна)	He needs surgery.	surgery
2348	musician	музикант	He is a musician.	musician
2349	significance	значення, важливість	What is the significance of this?	significance
2350	shower	душ; злива	I take a shower every morning.	shower
2351	illegal	незаконний	It's illegal.	illegal
2352	charity	благодійність	We give money to charity.	charity
2353	universal	універсальний, загальний	It's a universal problem.	universal
2354	cigarette	цигарка	He smoked a cigarette.	cigarette
2355	constitute	становити	Women constitute half of the team.	constitute
2356	adequate	достатній, належний	The salary is adequate.	adequate
2357	consultant	консультант	I work as a consultant.	consultant
2358	historian	історик	He is a historian.	historian
2359	cousin	двоюрідний брат/сестра	My cousin lives in Canada.	cousin
2360	visual	візуальний	I'm a visual learner.	visual
2361	stupid	дурний	It was a stupid mistake.	stupid
2362	keen	зацікавлений, завзятий	I'm keen to learn.	keen
2363	ethnic	етнічний	It's an ethnic minority.	ethnic
2364	twin	близнюк	I have a twin brother.	twin
2365	clinical	клінічний	It's a clinical trial.	clinical
2366	eastern	східний	It's in eastern Ukraine.	eastern
2367	forecast	прогноз	What is the weather forecast?	forecast
2368	segment	сегмент	It's a new market segment.	segment
2369	custom	звичай; індивідуальний (custom-made)	It's an old custom.	custom
2370	adapt	адаптуватися	You will adapt quickly.	adapt
2371	sand	пісок	The sand is hot.	sand
2372	cap	кепка; кришка; обмежувати	Wear a cap.	cap
2373	prompt	спонукати; швидкий; підказка	Thanks for the prompt reply.	prompt
2374	charm	чарівність	He has a lot of charm.	charm
2375	react	реагувати	How did he react?	react
2376	lecture	лекція	The lecture starts at ten.	lecture
2377	venture	підприємство (ризиковане); наважуватися	It's a joint venture.	venture
2378	compound	сполука; комплекс	It's a chemical compound.	compound
2379	rescue	рятувати; порятунок	They came to rescue us.	rescue
2380	mess	безлад	What a mess!	mess
2381	preference	перевага	Do you have a preference?	preference
2382	comprehensive	всеосяжний, повний	It's a comprehensive guide.	comprehensive
2383	incentive	стимул	We offer a bonus as an incentive.	incentive
2384	league	ліга	It's the Champions League.	League
2385	dialog	діалог	Let's open a dialog.	dialog
2386	cream	вершки, крем	Coffee with cream.	cream
2387	rapid	швидкий	We see rapid growth.	rapid
2388	cancel	скасовувати	I need to cancel the meeting.	cancel
2389	regret	шкодувати; жаль	I don't regret anything.	regret
2390	dismiss	звільняти, відкидати	Don't dismiss the idea.	dismiss
2391	margin	маржа; поле (сторінки)	The profit margin is low.	margin
2392	beneath	під, нижче	It's beneath the table.	beneath
2393	opponent	суперник	He is a strong opponent.	opponent
2394	resist	чинити опір	I can't resist chocolate.	resist
2395	capability	спроможність	We have the capability to grow.	capability
2396	absolute	абсолютний	It's an absolute must.	absolute
2397	correspond	відповідати, листуватися	The data doesn't correspond.	correspond
2398	stroke	інсульт; удар; погладжувати	He had a stroke.	stroke
2399	dare	наважуватися	How dare you!	dare
2400	barrier	бар'єр	Language is a barrier.	barrier
2401	rid	позбавлятися (get rid of)	Get rid of old things.	rid
2402	divorce	розлучення	They got a divorce.	divorce
2403	ruin	руйнувати; руїни	Don't ruin it.	ruin
2404	bury	ховати (закопувати)	The dog will bury the bone.	bury
2405	counsel	порада; радити	He gave me good counsel.	counsel
2406	tendency	тенденція	He has a tendency to be late.	tendency
2407	frequent	частий	He is a frequent visitor.	frequent
2408	motor	мотор	The motor is broken.	motor
2409	survival	виживання	It's a matter of survival.	survival
2410	counter	прилавок; протидіяти	Pay at the counter.	counter
2411	possess	володіти	She possesses great talent.	possesses
2412	permission	дозвіл	Ask for permission.	permission
2413	valley	долина	The village is in a valley.	valley
2414	float	плавати (на поверхні)	Wood can float.	float
2415	mad	божевільний; злий	Are you mad at me?	mad
2416	greatly	значно	It will greatly help.	greatly
2417	visible	видимий	It's clearly visible.	visible
2418	electric	електричний	I drive an electric car.	electric
2419	impressive	вражаючий	Your CV is impressive.	impressive
2420	evolution	еволюція	It's the evolution of technology.	evolution
2421	awareness	усвідомлення, обізнаність	We raise awareness.	awareness
2422	violent	жорстокий	It was a violent film.	violent
2423	slave	раб	Don't be a slave to your job.	slave
2424	wealthy	заможний	He is wealthy.	wealthy
2425	architecture	архітектура	I love Kyiv's architecture.	architecture
2426	acceptable	прийнятний	This is not acceptable.	acceptable
2427	journal	журнал (науковий), щоденник	I keep a journal.	journal
2428	coal	вугілля	Coal is cheap.	Coal
2429	measurement	вимірювання	Take a measurement.	measurement
2430	random	випадковий	Pick a random number.	random
2431	successfully	успішно	We successfully finished the project.	successfully
2432	depress	пригнічувати (depressed — пригнічений)	Bad news can depress people.	depress
2433	illustration	ілюстрація	The book has a nice illustration on every page.	illustration
2434	burst	розриватися, вибухати	The pipe may burst.	burst
2435	privilege	привілей	It's a privilege to work here.	privilege
2436	buyer	покупець	We found a buyer.	buyer
2437	mutual	взаємний	It's a mutual decision.	mutual
2438	rail	рейка, залізниця	Travel by rail.	rail
2439	motivate	мотивувати	What will motivate you?	motivate
2440	laboratory	лабораторія	She works in a laboratory.	laboratory
2441	mortgage	іпотека	We took a mortgage.	mortgage
2442	promotion	підвищення; просування	I got a promotion.	promotion
2443	passion	пристрасть	What is your passion?	passion
2444	champion	чемпіон	He is the champion.	champion
2445	fulfill	виконувати	I will fulfill my promise.	fulfill
2446	dust	пил	There is dust on the table.	dust
2447	dedicate	присвячувати	I dedicate this song to you.	dedicate
2448	roughly	приблизно	It's roughly 100 km.	roughly
2449	skirt	спідниця	She wore a black skirt.	skirt
2450	province	провінція	It's a small province.	province
2451	march	марш; маршувати	The soldiers march.	march
2452	evaluation	оцінювання	Performance evaluation is in May.	evaluation
2453	compromise	компроміс	Let's find a compromise.	compromise
2454	accomplish	виконувати, досягати	What do you want to accomplish?	accomplish
2455	weakness	слабкість	What is your biggest weakness?	weakness
2456	announcement	оголошення	I have an announcement.	announcement
2457	salt	сіль	Pass the salt.	salt
2458	glance	побіжний погляд; зиркнути	Take a quick glance.	glance
2459	opera	опера	Let's go to the opera.	opera
2460	contest	конкурс	He won the contest.	contest
2461	brush	щітка; чистити	Brush your teeth.	Brush
2462	embarrass	бентежити (embarrassed — збентежений)	Don't embarrass me.	embarrass
2463	gallery	галерея	Let's visit the gallery.	gallery
2464	genetic	генетичний	It's a genetic problem.	genetic
2465	aggressive	агресивний	Don't be aggressive.	aggressive
2466	chest	груди; скриня	I have a pain in my chest.	chest
2467	format	формат	What format is the file?	format
2468	literary	літературний	It's a literary award.	literary
2469	govern	управляти	Who will govern the country?	govern
2470	embrace	обіймати, приймати	Embrace change.	Embrace
2471	praise	хвалити; похвала	The boss will praise you.	praise
2472	silent	тихий, мовчазний	Keep silent.	silent
2473	pump	насос; качати	Pump up the tire.	Pump
2474	publisher	видавець	The publisher liked my book.	publisher
2475	celebration	святкування	It's a celebration!	celebration
2476	golf	гольф	He plays golf.	golf
2477	compensation	компенсація, винагорода	What is the compensation package?	compensation
2478	classical	класичний	I like classical music.	classical
2479	weigh	важити, зважувати	How much do you weigh?	weigh
2480	versus	проти (vs)	It's Ukraine versus Spain.	versus
2481	deficit	дефіцит	There is a budget deficit.	deficit
2482	modify	змінювати	Modify the settings.	Modify
2483	flash	спалах; блимати	Turn off the flash.	flash
2484	friendship	дружба	Friendship is important.	Friendship
2485	profession	професія	What is your profession?	profession
2486	literally	буквально	I literally ran here.	literally
2487	equation	рівняння	Solve the equation.	equation
2488	gesture	жест	It was a nice gesture.	gesture
2489	entertain	розважати	Can you entertain the guests?	entertain
2490	fantastic	фантастичний	That's fantastic!	fantastic
2491	assign	призначати, доручати	I will assign you a task.	assign
2492	inflation	інфляція	Inflation is high.	Inflation
2493	historic	історичний (важливий)	It's a historic moment.	historic
2494	injure	травмувати	Don't injure yourself.	injure
2495	remote	віддалений, дистанційний	It's a remote job.	remote
2496	therapy	терапія	She goes to therapy.	therapy
2497	orange	апельсин; помаранчевий	I want an orange.	orange
2498	twist	крутити, викручувати; поворот	The story has a twist.	twist
2499	personnel	персонал	Talk to the personnel department.	personnel
2500	imagination	уява	Use your imagination.	imagination
2501	disagree	не погоджуватися	I disagree with you.	disagree
2502	throat	горло	I have a sore throat.	throat
2503	insight	розуміння, інсайт	Thanks for the insight.	insight
2504	tackle	братися за (проблему)	Let's tackle this problem.	tackle
2505	forever	назавжди	Nothing lasts forever.	forever
2506	exceed	перевищувати	Don't exceed the limit.	exceed
2507	expenditure	витрати	We need to cut expenditure.	expenditure
2508	joy	радість	She jumped for joy.	joy
2509	pregnant	вагітна	She is pregnant.	pregnant
2510	reliable	надійний	He is a reliable person.	reliable
2511	gear	спорядження; передача (авто)	Pack your camping gear.	gear
2512	poet	поет	Shevchenko is a great poet.	poet
2513	fortune	статок; доля	It costs a fortune.	fortune
2514	ceremony	церемонія	The ceremony starts at five.	ceremony
2515	pile	купа	There is a pile of papers on my desk.	pile
2516	pig	свиня	The pig is on the farm.	pig
2517	mixture	суміш	It's a mixture of styles.	mixture
2518	automatically	автоматично	It saves automatically.	automatically
2519	scholar	науковець	He is a famous scholar.	scholar
2520	psychological	психологічний	It's a psychological test.	psychological
2521	dramatically	різко, значно	Prices rose dramatically.	dramatically
2522	stake	частка; ставка (at stake — під загрозою)	A lot is at stake.	stake
2523	creature	істота	What a strange creature!	creature
2524	partnership	партнерство	We have a partnership with Google.	partnership
2525	participation	участь	Thanks for your participation.	participation
2526	clause	пункт (договору)	Read this clause carefully.	clause
2527	penalty	штраф, пенальті	There is a penalty for late payment.	penalty
2528	chamber	палата, камера	It's the chamber of commerce.	chamber
2529	fancy	шикарний; хотіти (брит.)	It's a fancy restaurant.	fancy
2530	poetry	поезія	I don't read poetry.	poetry
2531	chat	балакати; чат	Let's chat later.	chat
2532	clothing	одяг	We sell clothing.	clothing
2533	evolve	розвиватися	The company will evolve.	evolve
2534	sake	заради (for the sake of)	Do it for the sake of the team.	sake
2535	shelf	полиця	Put it on the shelf.	shelf
2536	boost	стимулювати, підвищувати; поштовх	This will boost sales.	boost
2537	tail	хвіст	The dog wags its tail.	tail
2538	possession	володіння	The keys are in my possession.	possession
2539	abortion	аборт	Abortion is a sensitive topic.	Abortion
2540	curious	допитливий, цікавий	I'm curious.	curious
2541	wooden	дерев'яний	It's a wooden table.	wooden
2542	boom	бум, швидке зростання	There is an IT boom.	boom
2543	tale	казка, історія	It's an old tale.	tale
2544	democratic	демократичний	It's a democratic country.	democratic
2545	maintenance	обслуговування	The site is down for maintenance.	maintenance
2546	consequently	отже	Consequently, we lost the client.	Consequently
2547	pot	каструля, горщик	Put the pot on the stove.	pot
2548	cow	корова	The cow gives milk.	cow
2549	strengthen	зміцнювати	We need to strengthen the team.	strengthen
2550	whilst	поки, тоді як (брит.)	Whilst I agree, I have doubts.	Whilst
2551	constraint	обмеження	We have a time constraint.	constraint
2552	fold	складати (папір)	Fold the paper.	Fold
2553	bin	смітник	Put it in the bin.	bin
2554	undergo	зазнавати, проходити	All candidates undergo a test.	undergo
2555	potentially	потенційно	It's potentially dangerous.	potentially
2556	scope	обсяг, рамки	What is the scope of the project?	scope
2557	pretend	вдавати	Don't pretend you don't know.	pretend
2558	diversity	різноманітність	We value diversity.	diversity
2559	allege	стверджувати (без доказів)	They allege that he stole money.	allege
2560	pride	гордість	I feel pride in my work.	pride
2561	intense	інтенсивний	It was an intense week.	intense
2562	inquiry	запит, розслідування	We received an inquiry.	inquiry
2563	resign	звільнятися (за власним бажанням)	He will resign next month.	resign
2564	craft	ремесло; майструвати	It's a traditional craft.	craft
2565	strict	суворий	My boss is strict.	strict
2566	concrete	конкретний; бетон	Give me a concrete example.	concrete
2567	shell	шкаралупа, мушля; снаряд	Crack the shell.	shell
2568	damn	чорт (лайка)	Damn, I forgot!	Damn
2569	distinct	окремий, чіткий	There are two distinct groups.	distinct
2570	humor	гумор	He has a good sense of humor.	humor
2571	limitation	обмеження	Know your limitations.	limitations
2572	indication	ознака	Is there any indication of problems?	indication
2573	stability	стабільність	We offer stability.	stability
2574	wise	мудрий	It's a wise decision.	wise
2575	neglect	нехтувати	Don't neglect your health.	neglect
2576	compose	складати, писати (музику, текст)	Compose a short email.	Compose
2577	jail	в'язниця	He went to jail.	jail
2578	shelter	укриття, притулок	Go to the shelter!	shelter
2579	mere	простий, лише	It's a mere mistake.	mere
2580	carbon	вуглець	Reduce your carbon footprint.	carbon
2581	regulate	регулювати	The state will regulate prices.	regulate
2582	cheese	сир	I love cheese.	cheese
2583	trigger	спричиняти; спусковий гачок	Stress can trigger a headache.	trigger
2584	pipe	труба	The pipe is broken.	pipe
2585	destruction	руйнування	The war caused destruction.	destruction
2586	guitar	гітара	I play the guitar.	guitar
2587	flag	прапор	The Ukrainian flag is blue and yellow.	flag
2588	piano	фортепіано	She plays the piano.	piano
2589	magic	магія	It's like magic.	magic
2590	mystery	таємниця	It's a mystery.	mystery
2591	ski	лижі; кататися на лижах	Can you ski?	ski
2592	whisper	шепотіти	Don't whisper.	whisper
2593	rear	задній; виховувати	Sit in the rear seat.	rear
2594	menu	меню	Can I see the menu?	menu
2595	species	вид (біол.)	This species is rare.	species
2596	moon	місяць (супутник)	Look at the moon.	moon
2597	presumably	імовірно	Presumably, he is busy.	Presumably
2598	bless	благословляти	God bless you.	bless
2599	airline	авіакомпанія	Which airline do you fly?	airline
2600	amendment	поправка	They made an amendment to the law.	amendment
2601	grandmother	бабуся	My grandmother is 80.	grandmother
2602	jury	присяжні, журі	The jury will decide.	jury
2603	cooperation	співпраця	Thanks for your cooperation.	cooperation
2604	civilian	цивільний	He is a civilian.	civilian
2605	composition	склад, композиція	What is the composition of the team?	composition
2606	coin	монета	I found a coin.	coin
2607	regardless	незважаючи на	Regardless of the weather, we go.	Regardless
2608	scan	сканувати	Scan the document.	Scan
2609	bunch	купа, жмут, букет	A bunch of flowers.	bunch
2610	racial	расовий	It's racial discrimination.	racial
2611	greet	вітати	Greet the guests.	Greet
2612	hopefully	сподіваюся	Hopefully, it will work.	Hopefully
2613	sanction	санкція	The EU will sanction the company.	sanction
2614	trick	трюк, хитрість	It's a trick question.	trick
2615	paragraph	абзац	Read the first paragraph.	paragraph
2616	maker	виробник, творець	She is the decision maker.	maker
2617	chocolate	шоколад	I love chocolate.	chocolate
2618	stimulate	стимулювати	This will stimulate growth.	stimulate
2619	belt	ремінь, пояс	Fasten your belt.	belt
2620	potato	картопля	I'll have a baked potato.	potato
2621	narrative	розповідь, наратив	It's a strong narrative.	narrative
2622	tissue	серветка; тканина (біол.)	Do you have a tissue?	tissue
2623	barely	ледь	I can barely hear you.	barely
2624	invent	винаходити	Who will invent the next big thing?	invent
2625	tourism	туризм	Tourism is growing.	Tourism
2626	pro	професіонал; плюс (pros and cons)	He is a real pro.	pro
2627	stair	сходинка (stairs — сходи)	He sat on the bottom stair.	stair
2628	hesitate	вагатися	Don't hesitate to call.	hesitate
2629	shine	сяяти	The sun will shine tomorrow.	shine
2630	motivation	мотивація	What is your motivation?	motivation
2631	romantic	романтичний	It's a romantic place.	romantic
2632	firmly	твердо	I firmly believe it.	firmly
2633	interior	інтер'єр; внутрішній	I like the interior.	interior
2634	stomach	шлунок	My stomach hurts.	stomach
2635	nowhere	ніде	I have nowhere to go.	nowhere
2636	pray	молитися	We pray for peace.	pray
2637	championship	чемпіонат	We won the championship.	championship
2638	servant	слуга	He was a servant.	servant
2639	immigrant	іммігрант	He is an immigrant from Poland.	immigrant
2640	excess	надлишок	Excess weight is bad for you.	Excess
2641	complexity	складність	The complexity is high.	complexity
2642	liability	відповідальність (юр.), зобов'язання	It's a legal liability.	liability
2643	surprisingly	напрочуд	It was surprisingly easy.	surprisingly
2644	extract	витягувати; витяг	Extract the data.	Extract
2645	implementation	впровадження	The implementation takes a month.	implementation
2646	bias	упередження	Avoid bias in interviews.	bias
2647	differently	інакше	I think differently.	differently
2648	catalog	каталог	Check our catalog.	catalog
2649	continuous	безперервний	It's continuous learning.	continuous
2650	golden	золотий	It's a golden opportunity.	golden
2651	stamp	марка, печатка	I need a stamp.	stamp
2652	guideline	рекомендація, настанова	Follow the guidelines.	guidelines
2653	envelope	конверт	Put it in the envelope.	envelope
2654	knife	ніж	Use a knife.	knife
2655	biological	біологічний	It's a biological process.	biological
2656	consume	споживати	We consume too much sugar.	consume
2657	luxury	розкіш	It's a luxury hotel.	luxury
2658	weekly	щотижневий	We have a weekly meeting.	weekly
2659	wherever	де б не	I'll go wherever you go.	wherever
2660	bite	кусати; укус	The dog won't bite.	bite
2661	printer	принтер	The printer is broken.	printer
2662	firstly	по-перше	Firstly, let me introduce myself.	Firstly
2663	anxious	стурбований	I'm anxious about the interview.	anxious
2664	adventure	пригода	Life is an adventure.	adventure
2665	fence	паркан	Paint the fence.	fence
2666	exhaust	виснажувати (exhausted — виснажений)	Long meetings exhaust me.	exhaust
2667	attraction	пам'ятка, приваблення	It's a tourist attraction.	attraction
2668	ocean	океан	I want to see the ocean.	ocean
2669	quietly	тихо	Speak quietly.	quietly
2670	castle	замок (фортеця)	We visited an old castle.	castle
2671	veteran	ветеран	He is a war veteran.	veteran
2672	reflection	відображення, роздуми	I see my reflection in the window.	reflection
2673	nerve	нерв; сміливість	You have a lot of nerve!	nerve
2674	determination	рішучість	He has great determination.	determination
2675	altogether	загалом, повністю	Altogether, it cost 100.	Altogether
2676	fiction	художня література, вигадка	I read fiction.	fiction
2677	carpet	килим	We have a new carpet.	carpet
2678	cluster	скупчення, кластер	It's an IT cluster.	cluster
2679	confusion	плутанина	Sorry for the confusion.	confusion
2680	hurry	поспішати	Hurry up!	Hurry
2681	logic	логіка	I don't see the logic.	logic
2682	controversial	суперечливий	It's a controversial topic.	controversial
2683	raw	сирий	Don't eat raw meat.	raw
2684	grammar	граматика	My grammar is weak.	grammar
2685	revise	переглядати, повторювати	Revise your CV.	Revise
2686	hint	натяк, підказка	Give me a hint.	hint
2687	hook	гачок	Hang it on the hook.	hook
2688	bell	дзвін, дзвоник	Ring the bell.	bell
2689	liquid	рідина	No liquid in hand luggage.	liquid
2690	panic	паніка; панікувати	Don't panic.	panic
2691	uncle	дядько	My uncle lives in Kharkiv.	uncle
2692	rice	рис	I'll have rice.	rice
2693	slope	схил	The slope is steep.	slope
2694	happiness	щастя	Money can't buy happiness.	happiness
2695	genuine	справжній, щирий	It's genuine leather.	genuine
2696	vessel	судно; посудина	The vessel left the port.	vessel
2697	verb	дієслово	Run is a verb.	verb
2698	reckon	вважати (розм.)	I reckon you're right.	reckon
2699	silly	дурний, безглуздий	Don't be silly.	silly
2700	transportation	транспорт	Public transportation is cheap.	transportation
2701	harbor	гавань	The boat is in the harbor.	harbor
2702	comedy	комедія	Let's watch a comedy.	comedy
2703	chase	гнатися, переслідувати	The dog likes to chase cats.	chase
2704	storage	зберігання, сховище	I need more storage.	storage
2705	universe	всесвіт	The universe is huge.	universe
2706	horrible	жахливий	It was horrible.	horrible
2707	sheep	вівця	The farmer has a sheep and a cow.	sheep
2708	lover	коханий; любитель	He is a music lover.	lover
2709	rat	пацюк	There is a rat in the kitchen!	rat
2710	portrait	портрет	She painted a portrait.	portrait
2711	innocent	невинний	He is innocent.	innocent
2712	substitute	заміна; замінювати	Is there a substitute?	substitute
2713	supplement	добавка; доповнювати	Take a vitamin supplement.	supplement
2714	adjustment	коригування	We need a small adjustment.	adjustment
2715	reasonably	досить, розумно	It's reasonably priced.	reasonably
2716	filter	фільтр; фільтрувати	Filter the candidates.	Filter
2717	flexible	гнучкий	We have flexible hours.	flexible
2718	abstract	абстрактний	It's too abstract.	abstract
2719	tent	намет	We slept in a tent.	tent
2720	precise	точний	Be precise.	precise
2721	distant	далекий	It's a distant memory.	distant
2722	stranger	незнайомець	Don't talk to strangers.	strangers
2723	shade	тінь (від сонця); відтінок	Let's sit in the shade.	shade
2724	grain	зерно	Ukraine exports grain.	grain
2725	situate	розташовувати (situated — розташований)	The hotel is situated near the sea.	situated
2726	summarize	підсумовувати	Summarize the text.	Summarize
2727	leap	стрибок; стрибати	It's a big leap forward.	leap
2728	snap	клацнути; зламатися	Snap your fingers.	Snap
2729	probability	ймовірність	What is the probability of success?	probability
2730	leather	шкіра (матеріал)	It's a leather bag.	leather
2731	uncertainty	невизначеність	There is a lot of uncertainty.	uncertainty
2732	swear	клястися; лаятися	I swear it's true.	swear
2733	refugee	біженець	She is a refugee from Mariupol.	refugee
2734	shore	берег	We walked along the shore.	shore
2735	monthly	щомісячний	What is your monthly salary?	monthly
2736	comprise	складатися з	The team will comprise five people.	comprise
2737	stir	помішувати	Stir the soup.	Stir
2738	excitement	хвилювання, збудження	I can't hide my excitement.	excitement
2739	sigh	зітхати; зітхання	He gave a deep sigh.	sigh
2740	pregnancy	вагітність	She is in the sixth month of pregnancy.	pregnancy
2741	experimental	експериментальний	It's an experimental program.	experimental
2742	institutional	інституційний	We have institutional support.	institutional
2743	slice	скибка; нарізати	A slice of pizza, please.	slice
2744	wander	блукати	Let's wander around the city.	wander
2745	empire	імперія	It was a huge empire.	empire
2746	subsequently	згодом	Subsequently, he left the company.	Subsequently
2747	gentle	ніжний, лагідний	Be gentle.	gentle
2748	attendance	відвідуваність	Attendance is required.	Attendance
2749	ownership	власність, відповідальність за	Take ownership of your work.	ownership
2750	qualification	кваліфікація	What is your qualification?	qualification
2751	suspend	призупиняти	They may suspend the project.	suspend
2752	functional	функціональний	The system is fully functional.	functional
2753	voluntary	добровільний	It's voluntary.	voluntary
2754	pale	блідий	You look pale.	pale
2755	stain	пляма	There is a stain on my shirt.	stain
2756	athlete	спортсмен	He is a professional athlete.	athlete
2757	organic	органічний	I buy organic food.	organic
2758	tongue	язик	Hold your tongue.	tongue
2759	server	сервер; офіціант	The server is down.	server
2760	structural	структурний	It's a structural problem.	structural
2761	fool	дурень; дурити	Don't be a fool.	fool
2762	alongside	поруч, разом з	I work alongside great people.	alongside
2763	unite	об'єднувати	We must unite.	unite
2764	gently	лагідно, обережно	Close the door gently.	gently
2765	compute	обчислювати	Compute the total.	Compute
2766	wipe	витирати	Wipe the table.	Wipe
2767	weird	дивний	That's weird.	weird
2768	gaze	пильний погляд; дивитися	He looked at her with a long gaze.	gaze
2769	fade	згасати, вицвітати	The colors will fade.	fade
2770	cough	кашель; кашляти	I have a cough.	cough
2771	hypothesis	гіпотеза	Test your hypothesis.	hypothesis
2772	royal	королівський	It's a royal palace.	royal
2773	theoretical	теоретичний	It's a theoretical question.	theoretical
2774	curtain	штора	Close the curtain.	curtain
2775	mayor	мер	The mayor of Kyiv.	mayor
2776	darkness	темрява	I'm afraid of darkness.	darkness
2777	aunt	тітка	My aunt is a doctor.	aunt
2778	tournament	турнір	We won the tournament.	tournament
2779	registration	реєстрація	Registration is free.	Registration
2780	fragment	фрагмент	It's only a fragment.	fragment
2781	listener	слухач	He is a good listener.	listener
2782	tender	ніжний; тендер	We won the tender.	tender
2783	density	щільність	The population density is high.	density
2784	ugly	потворний	It's an ugly building.	ugly
2785	module	модуль	Complete the first module.	module
2786	faithfully	вірно (Yours faithfully — з повагою)	Yours faithfully, Vitalii.	faithfully
2787	autumn	осінь	I love autumn.	autumn
2788	cheek	щока	She kissed his cheek.	cheek
2789	attachment	вкладення (у листі); прихильність	See the attachment.	attachment
2790	holder	власник, тримач	He is the ticket holder.	holder
2791	grin	широка посмішка; посміхатися	He had a big grin.	grin
2792	noun	іменник	Table is a noun.	noun
2793	fortunate	щасливий, везучий	I'm fortunate to have this job.	fortunate
2794	alright	гаразд	Are you alright?	alright
2795	lazy	лінивий	Don't be lazy.	lazy
2796	hello	привіт	Hello, how are you?	Hello
2797	hunger	голод	Hunger is a big problem.	Hunger
2798	insure	страхувати	Insure your car.	Insure
2799	ashamed	присоромлений	I'm ashamed of it.	ashamed
2800	found	засновувати	They want to found a startup.	found
2801	thirst	спрага	I'm dying of thirst.	thirst
